latitude,longitude,name,label,ferric_iron_index,ferrous_mineral_index,laterite_index,gossan_index,ndvi,slope,elevation
23.411595,85.977729,BG-jharkhand-022,0,0.996946,0.937523,0.952189,1.132317,0.43831,0.0,386.555018
24.713464,74.531189,BG-rajasthan-057,0,0.977226,0.931795,0.988542,1.057168,0.657805,8.454864,362.15579
18.258941,83.511847,BG-andhra-038,0,0.901869,0.828094,1.009415,1.229773,0.467082,5.021545,258.495384
23.804801,73.59131,BG-rajasthan-010,0,0.787433,0.919404,1.048458,1.159745,0.419093,7.194699,377.303479
21.52,79.3,Kandri Mn Mines,1,1.536465,1.041884,1.422285,1.117096,-0.095795,7.193815,395.893297
21.75,80.05,Tirodi Mine,1,1.555202,1.326283,1.100567,1.589472,0.049802,9.172273,439.427016
23.6019,74.095874,BG-rajasthan-014,0,1.038307,1.066423,1.072146,1.075982,0.570491,7.653214,281.031599
15.692207,75.230746,BG-karnataka-022,0,0.905221,0.898904,1.049892,0.979982,0.857078,1.813184,429.123794
18.307259,83.725246,BG-andhra-045,0,1.142956,1.14484,1.050911,1.153731,0.702479,5.076876,43.474517
22.223345,84.621641,BG-odisha-033,0,0.934868,1.083876,0.739011,1.025365,0.50305,4.079835,459.599519
23.054481,85.954031,BG-jharkhand-040,0,1.112925,1.261783,1.069195,0.922495,0.364494,1.757885,454.750092
17.540653,83.964124,BG-andhra-009,0,0.929307,0.950866,1.089888,0.904246,0.410078,0.0,80.927352
20.742008,84.561743,BG-odisha-017,0,0.929162,1.014049,1.160959,1.017045,0.504432,6.255862,499.321522
18.09103,83.846588,BG-andhra-008,0,1.162937,0.99558,0.808249,1.164542,0.524778,11.021237,196.710275
24.439509,73.600645,BG-rajasthan-008,0,1.332496,0.913346,1.22489,1.038419,0.372234,0.421985,333.386639
21.578592,85.824828,BG-odisha-013,0,1.247731,1.066129,1.080221,0.63986,0.580864,8.001336,319.508109
23.239947,85.57141,BG-jharkhand-046,0,0.919619,0.9597,1.24598,0.851184,0.387273,11.628031,300.923412
24.080304,73.276748,BG-rajasthan-050,0,0.96172,0.972711,0.771394,1.055191,0.254365,9.483392,350.349891
21.223104,78.804296,BG-mp-maharashtra-053,0,1.385349,0.996509,1.18851,0.811478,0.439236,6.954155,612.029301
23.494479,74.275323,BG-rajasthan-045,0,0.751053,1.088781,1.064617,1.265367,0.581106,5.73432,292.618538
14.45,75.8,Honnali Mn Belt,1,1.130364,1.251268,1.285495,1.824053,0.085008,10.717489,480.169901
23.213175,73.850292,BG-rajasthan-033,0,0.956726,0.993949,1.101834,1.251696,0.452495,0.472398,400.363544
15.4,74.0,North Goa Mn Occurrences,1,1.483397,1.298665,1.193948,1.646677,0.147911,12.159334,679.185127
21.15,79.42,Tumsar Mn Belt,1,1.501854,1.265843,1.707503,1.468741,0.113363,9.925475,563.793807
23.88432,73.427403,BG-rajasthan-018,0,1.038994,1.027519,1.161317,0.937943,0.166483,6.847404,375.270827
23.55,74.45,Banswara Mn Belt,1,1.258398,1.359374,1.429362,1.221002,0.18664,8.754801,286.188231
15.223356,77.468083,BG-karnataka-012,0,1.092472,0.954122,0.850755,1.103671,0.542976,2.901083,594.038741
15.5,76.8,Koppal Mn Deposits,1,1.583013,1.105973,1.38856,1.420551,0.343941,2.423249,638.669875
22.914426,78.509784,BG-mp-maharashtra-012,0,0.971001,0.946974,1.274254,1.018628,0.84096,3.510334,388.556325
21.302081,84.146588,BG-odisha-043,0,0.941464,0.870211,0.979997,0.974789,0.494424,0.0,600.271446
20.976009,85.672444,BG-odisha-023,0,0.99328,1.186578,0.808862,1.066806,0.99804,1.586219,215.517025
21.386261,86.153373,BG-odisha-037,0,0.932558,1.021423,1.080934,1.226459,0.416308,0.0,332.146722
22.269162,85.514148,BG-jharkhand-014,0,1.218436,1.020536,0.65689,1.014392,0.697689,15.069467,441.78553
14.812755,76.551654,BG-karnataka-037,0,1.069488,0.798773,0.835081,1.027507,0.545544,8.110829,497.397059
24.168159,74.391046,BG-rajasthan-056,0,0.835689,0.858888,0.784884,1.122945,0.066912,4.000249,399.486617
21.343763,84.696363,BG-odisha-035,0,1.263522,0.969269,1.130205,0.956159,0.333451,2.465231,548.006936
14.855374,75.024174,BG-karnataka-027,0,1.179075,1.023362,1.502843,1.014825,0.565459,6.884162,525.592574
24.328475,73.6604,BG-rajasthan-006,0,1.390587,1.155859,0.746083,0.956025,0.532817,9.024324,201.670822
20.614331,85.460444,BG-odisha-051,0,0.65911,0.712172,0.958622,1.003487,0.518687,2.036463,245.333856
20.693862,85.077628,BG-odisha-028,0,0.696313,1.002794,1.029209,1.178879,0.594435,4.64178,528.418706
23.840287,74.809677,BG-rajasthan-055,0,0.998181,0.874091,0.886707,0.92643,0.091825,6.203467,377.487415
21.455797,78.368164,BG-mp-maharashtra-021,0,0.962037,0.867201,1.029489,1.294699,0.466503,3.215649,354.940808
17.515227,84.422094,BG-andhra-056,0,1.008839,0.79558,0.949958,1.029789,0.773595,9.745632,313.743216
17.53057,83.228574,BG-andhra-021,0,0.905928,1.04709,0.787699,1.069914,0.531185,2.051158,419.931779
17.652852,84.158721,BG-andhra-033,0,1.11078,0.712645,1.058458,0.954814,0.460234,7.595942,242.958593
22.801203,85.774311,BG-jharkhand-015,0,0.693736,0.809418,1.09362,1.228193,0.783536,13.614257,123.890973
22.288876,85.619555,BG-jharkhand-007,0,1.143117,0.710882,1.228176,1.060536,0.266001,14.544554,450.836796
21.471282,84.534368,BG-odisha-042,0,0.717416,0.998151,0.853018,1.037807,0.380917,11.680722,223.438497
17.662148,83.038518,BG-andhra-028,0,1.070785,1.195844,0.837686,1.053704,0.49434,2.39634,271.268299
15.962299,76.340539,BG-karnataka-054,0,1.035528,0.83731,1.251923,1.146658,0.431592,2.634964,463.720112
21.410017,85.057519,BG-odisha-046,0,1.216951,0.940958,1.04351,0.990487,0.56479,4.978094,464.023926
21.75,85.6,Bamebari Mine,1,1.343358,1.352734,1.441029,1.396678,0.06262,5.927544,368.148423
18.535914,83.968854,BG-andhra-059,0,0.862482,1.072554,0.962544,1.271216,0.847486,5.609001,29.718108
18.551776,83.414403,BG-andhra-055,0,0.958967,0.950205,0.731849,0.979921,0.508781,3.432575,115.473148
22.414635,86.488557,BG-odisha-047,0,0.898599,1.192269,0.944457,0.887211,0.396607,9.794547,304.684315
14.85,76.1,Kumsi Mn Deposits,1,1.476369,1.336462,1.454841,1.699939,0.090457,13.804385,534.500248
21.9,85.15,Champua Mn Deposits,1,1.300692,1.411374,1.468028,1.42042,0.032773,11.634307,375.873911
21.030113,86.181083,BG-odisha-011,0,0.872178,0.875743,1.009439,0.680635,0.52133,6.282593,315.702096
24.309411,73.929976,BG-rajasthan-017,0,1.185908,1.039487,0.872995,0.912797,0.578176,0.0,313.411533
22.122736,78.288225,BG-mp-maharashtra-040,0,0.919033,0.969084,1.00378,1.025886,0.652924,6.526284,385.350852
21.600651,84.126471,BG-odisha-038,0,0.826263,1.05384,1.054503,1.25213,0.332933,5.618881,373.543803
22.784359,77.760816,BG-mp-maharashtra-003,0,1.005982,0.961351,0.695674,1.151998,0.571045,10.58713,597.45318
18.068484,83.04305,BG-andhra-051,0,0.968965,0.955301,0.971565,1.33075,0.165693,7.685956,38.20855
22.257444,86.079164,BG-odisha-004,0,0.606949,0.697292,0.748917,1.191044,0.312379,4.476441,252.013596
15.35,76.55,Bellary Mn District,1,1.50219,1.043686,1.557177,1.221379,0.071166,9.966416,591.729785
17.703549,83.692548,BG-andhra-010,0,1.24795,0.975653,0.776747,0.930346,0.362627,8.76269,242.217231
18.12,83.42,Vizianagaram Mn Belt,1,1.356122,1.359137,1.224871,1.392753,0.156268,15.307089,233.102677
23.489685,73.950273,BG-rajasthan-026,0,0.963872,0.824041,1.079768,0.925977,0.518426,0.0,464.750565
21.326805,78.638366,BG-mp-maharashtra-029,0,0.80689,0.858945,1.139373,0.806485,0.446493,5.834152,310.158751
22.723414,79.232056,BG-mp-maharashtra-019,0,1.234869,1.154841,0.654541,0.788162,0.597399,0.0,307.249891
21.45,85.5,Noamundi Mn Zone,1,1.40591,1.330696,1.279815,1.439044,0.070094,14.410974,385.32803
24.312116,73.01109,BG-rajasthan-031,0,1.074357,0.893487,0.987012,0.993094,0.432381,0.937986,437.605407
23.254576,73.840893,BG-rajasthan-011,0,1.246247,0.991609,1.087174,1.154091,0.617758,6.865105,373.348301
22.611639,79.594418,BG-mp-maharashtra-010,0,1.158241,0.968948,0.814173,1.023816,0.138969,5.473449,395.470957
23.169591,74.030904,BG-rajasthan-021,0,1.217757,0.979666,1.118502,1.019914,0.286009,0.0,243.329218
23.949349,73.518383,BG-rajasthan-044,0,0.801416,1.042382,0.936782,1.11125,0.472483,10.198223,466.621207
22.8,85.95,Singhbhum Mn Belt,1,1.250932,1.176109,1.224091,1.095738,0.20077,14.01742,389.550013
15.797849,75.525191,BG-karnataka-034,0,0.941089,1.101818,0.594806,1.048396,0.484358,2.931143,703.073198
14.007091,76.927798,BG-karnataka-024,0,1.175318,0.92605,0.956129,0.957916,0.37294,0.0,701.79433
18.535922,83.940864,BG-andhra-032,0,1.18448,1.063762,0.794906,1.352935,0.796628,6.346257,100.535728
22.664082,86.360167,BG-jharkhand-030,0,0.881371,1.014411,0.823918,1.014526,0.64507,0.0,570.630157
20.85,86.25,Sukinda Mn Zone,1,1.693342,1.022066,1.065545,1.363316,0.047197,8.497861,239.316982
22.072456,80.419347,BG-mp-maharashtra-016,0,0.983408,1.194371,0.791345,0.976309,0.206766,8.372069,395.214889
20.902302,84.779291,BG-odisha-014,0,1.330517,0.986889,0.910451,1.108044,0.373941,0.0,413.214255
15.729211,77.440515,BG-karnataka-039,0,0.992021,0.981621,1.030073,0.938349,0.531668,13.319635,428.142052
18.475216,84.17185,BG-andhra-018,0,1.297988,0.928436,0.84734,1.408355,0.486354,11.666814,289.935367
22.685704,79.828,BG-mp-maharashtra-032,0,0.751105,0.975707,0.885949,0.805313,0.158809,5.960306,414.927831
22.409144,77.637473,BG-mp-maharashtra-020,0,1.082507,0.920242,0.842237,0.862102,0.365623,0.851252,397.639788
23.003383,74.85115,BG-rajasthan-002,0,1.016338,0.843522,0.932872,0.898349,0.45924,7.781895,369.593776
22.114994,84.476025,BG-odisha-027,0,1.095544,0.745238,0.909409,1.064278,0.568998,0.0,397.509608
21.28,79.65,Bhandara Mn District,1,1.621284,1.191422,1.302944,1.510091,0.162241,12.063622,465.06897
22.618861,77.519496,BG-mp-maharashtra-009,0,1.044399,0.858282,0.94273,1.2205,0.425291,4.741461,295.934629
22.995075,79.028579,BG-mp-maharashtra-043,0,1.14595,0.848892,1.11568,0.870084,0.280177,6.426728,364.319742
24.4839,74.341257,BG-rajasthan-004,0,1.067609,1.09813,0.904001,1.090879,0.305331,11.166261,419.570453
15.590691,75.568989,BG-karnataka-049,0,1.105843,0.984424,0.844304,0.967621,0.545303,5.413671,563.611913
21.440881,79.267797,BG-mp-maharashtra-008,0,0.802429,0.983542,0.859292,0.846666,0.433703,0.0,496.842699
23.627831,74.696031,BG-rajasthan-007,0,1.156322,0.953053,0.810995,0.868741,0.434309,0.0,369.852446
21.611537,85.796021,BG-odisha-048,0,1.126309,0.919454,0.890896,1.049115,0.519609,10.423683,382.023635
21.95,79.15,Ramtek Mn Deposits,1,1.242048,1.146198,1.35275,1.73124,0.111175,5.500399,399.092537
14.530401,77.333148,BG-karnataka-008,0,0.684586,1.002873,0.752188,0.822638,0.124078,0.469052,612.525592
18.822447,83.365795,BG-andhra-049,0,0.810183,0.732546,0.998522,0.965413,0.533472,8.832519,199.065118
15.592245,77.151756,BG-karnataka-033,0,0.812358,0.943906,1.050042,0.926722,0.215632,10.461754,504.322759
21.022962,79.662165,BG-mp-maharashtra-050,0,0.954523,0.962075,1.134876,1.062179,0.403352,8.5696,656.172694
21.185492,77.790149,BG-mp-maharashtra-013,0,1.242046,1.047473,0.790435,1.620329,0.256228,3.826887,343.012189
22.829095,78.876556,BG-mp-maharashtra-038,0,1.280303,1.014631,0.74166,1.062814,0.552974,4.066826,215.779123
22.658809,79.355559,BG-mp-maharashtra-018,0,0.903995,0.90321,0.973637,0.936814,0.584987,1.225236,159.547444
21.45,79.1,Nagpur District Mn,1,1.232121,1.435823,1.216832,1.888162,0.184234,5.075181,401.599966
22.197391,84.415778,BG-odisha-041,0,1.05894,0.806906,1.349933,0.861457,0.57576,12.070585,367.987955
15.15,76.92,Sandur Mn Belt,1,1.180828,1.176309,1.385199,1.59515,0.145105,4.179155,592.962673
23.490877,85.618452,BG-jharkhand-027,0,0.912263,0.676179,0.85839,0.790808,0.559765,14.248741,554.462902
23.728443,73.139948,BG-rajasthan-005,0,0.928287,0.899239,1.080205,1.189806,0.388814,4.858138,592.762228
22.280575,84.615538,BG-odisha-057,0,1.002808,0.896908,0.989186,1.112752,0.286321,4.382187,251.700332
23.38887,74.392709,BG-rajasthan-029,0,0.975478,1.204,1.088676,1.005193,0.301371,4.098664,465.580666
14.049573,76.841411,BG-karnataka-041,0,0.93013,1.148555,0.750218,0.973593,0.75627,0.0,680.725447
22.432916,85.624354,BG-jharkhand-049,0,0.72378,0.94829,0.942394,1.151887,-0.076272,0.0,317.738208
23.461442,86.053359,BG-jharkhand-016,0,1.025903,0.843882,0.934661,0.830212,0.391784,1.689552,376.842343
22.310877,78.686896,BG-mp-maharashtra-037,0,1.113027,1.146281,0.864973,0.969121,0.468117,4.172863,414.28104
21.458096,77.596301,BG-mp-maharashtra-033,0,0.770051,1.008328,0.823569,0.866886,0.190019,10.724507,404.532999
14.296188,75.318614,BG-karnataka-031,0,1.203919,0.995399,0.697462,0.846609,0.588848,2.054428,430.062155
22.931541,86.109631,BG-jharkhand-032,0,0.991299,0.936994,0.808101,0.967817,0.378656,0.0,405.292988
17.658308,84.441181,BG-andhra-040,0,0.89018,1.129577,0.78598,0.767264,0.661896,0.0,130.02083
22.256019,86.367374,BG-odisha-006,0,1.115574,0.917146,0.705124,1.050086,0.426965,11.277348,444.751269
21.181819,77.641349,BG-mp-maharashtra-044,0,1.505714,0.746034,0.966532,0.849335,0.656308,9.198271,502.944161
21.33845,85.459181,BG-odisha-059,0,0.895627,0.86313,0.645251,1.29352,0.546397,4.32613,482.686688
14.408518,76.79048,BG-karnataka-001,0,1.140146,1.086784,0.710234,0.905786,0.493225,7.099395,655.295835
24.035916,73.100437,BG-rajasthan-035,0,0.858618,0.976537,1.322857,1.130708,0.607996,5.413657,434.438971
22.844259,85.803836,BG-jharkhand-026,0,1.308638,0.973863,1.165837,0.879978,0.560317,9.568975,267.279628
23.988754,73.487969,BG-rajasthan-030,0,1.1957,0.872218,0.841162,1.019809,0.788438,6.891188,452.936326
22.169172,80.193469,BG-mp-maharashtra-041,0,0.902912,0.970075,0.781751,0.928623,0.602059,5.327212,579.642598
15.925069,75.663666,BG-karnataka-057,0,0.987613,0.934268,1.174269,0.916221,0.20164,11.355746,595.560666
21.257946,86.463272,BG-odisha-044,0,0.673569,0.965789,0.905394,1.299174,0.336071,2.886544,279.855909
24.880727,74.354636,BG-rajasthan-012,0,0.851351,0.868936,0.740252,0.855008,0.186881,0.0,178.435747
15.34338,75.749993,BG-karnataka-003,0,0.936615,0.87112,0.773765,1.096523,0.451827,3.556108,498.962939
20.671307,85.214976,BG-odisha-007,0,1.274861,0.991176,1.046061,0.606234,0.348865,0.0,333.117524
14.632354,76.879661,BG-karnataka-004,0,1.07973,0.872341,1.052977,0.85636,0.557887,0.0,521.214292
14.268582,75.288572,BG-karnataka-016,0,1.087169,1.02967,0.949638,1.330354,0.389549,3.470519,246.454179
14.047329,75.482824,BG-karnataka-050,0,1.303029,0.91203,0.781838,1.231345,0.670036,5.987465,392.158627
23.464911,86.024637,BG-jharkhand-011,0,1.087036,0.879219,0.782677,1.18694,0.097459,8.052235,400.529061
17.81818,84.196749,BG-andhra-053,0,1.348162,1.002273,0.640651,0.886221,0.470993,7.100036,307.889768
22.111123,86.129446,BG-jharkhand-024,0,0.706452,0.917107,1.125178,1.267035,0.776374,3.744014,500.736578
14.477372,75.989465,BG-karnataka-002,0,1.293874,1.115749,1.08579,1.152448,0.32572,0.0,658.113272
23.426179,86.499572,BG-jharkhand-057,0,0.964469,0.956343,0.877405,0.957135,0.499567,0.901633,357.535001
22.890717,85.791259,BG-jharkhand-038,0,1.059369,0.949944,0.851019,1.145859,0.778348,2.794407,485.790914
14.656524,77.160882,BG-karnataka-051,0,1.162282,0.615077,0.848209,0.918266,0.592901,6.348195,602.18379
22.825256,80.111556,BG-mp-maharashtra-057,0,1.121805,0.843141,0.850552,0.824338,0.431054,4.964036,368.832586
22.2,78.3,Pandhurna Mn Deposits,1,1.234538,1.365044,1.48508,1.729304,0.204018,10.204943,507.069678
22.437993,86.315917,BG-odisha-040,0,1.11756,0.875264,1.176302,1.294963,0.796082,5.658516,415.669749
20.501144,84.81039,BG-odisha-002,0,1.086617,0.959669,1.069086,1.000611,0.427057,13.41542,398.118698
23.186111,85.725687,BG-jharkhand-029,0,1.030722,1.074663,0.994053,1.06666,0.449194,0.008126,346.593111
18.628015,84.247886,BG-andhra-014,0,0.838098,0.98732,0.78097,1.166673,0.58737,6.761927,188.985273
17.575427,83.568656,BG-andhra-011,0,1.086608,0.70455,0.794509,0.996203,0.518694,5.142719,89.492885
18.010508,84.32048,BG-andhra-054,0,1.041351,0.901019,0.799024,1.07272,0.424304,10.884174,273.208527
22.059791,85.932029,BG-jharkhand-053,0,1.137547,1.001817,0.834772,0.8703,0.209903,18.455556,261.261073
18.999862,83.524941,BG-andhra-017,0,0.986427,0.913149,0.925024,0.926552,0.142381,1.008128,47.026352
20.660223,84.464562,BG-odisha-054,0,0.999715,0.871054,0.860051,1.054541,0.360927,9.694424,337.520224
22.424498,85.600526,BG-jharkhand-012,0,1.056025,0.787711,1.0751,0.955171,0.529489,6.985023,360.921253
18.780172,84.430146,BG-andhra-000,0,1.05479,0.909911,1.185378,1.169486,0.542024,0.189368,79.076378
21.38,85.65,Gurumahisani Mn,1,1.247228,1.1808,1.400643,1.240692,0.245937,9.51366,279.105276
15.274227,75.654888,BG-karnataka-025,0,0.943949,0.623926,0.849723,0.93214,0.35623,4.036359,506.6488
21.127055,78.644858,BG-mp-maharashtra-047,0,0.925003,1.155325,1.164384,0.837305,0.673163,0.0,330.392661
15.634208,75.748447,BG-karnataka-014,0,1.264031,0.668858,1.061966,0.819441,0.43552,4.689086,736.692463
21.55,85.9,Koira Mn Area,1,1.217879,1.208958,1.432864,1.369645,0.066014,9.275041,426.545804
22.26072,85.575065,BG-jharkhand-036,0,1.161449,0.837403,0.898139,1.071671,0.431582,4.666239,378.129659
18.746097,83.129994,BG-andhra-048,0,0.908666,0.85604,1.040517,0.844784,0.658115,6.477872,59.58048
22.942157,80.082339,BG-mp-maharashtra-049,0,1.065284,0.981746,1.091946,1.205416,0.397709,2.315068,283.34203
15.574749,75.270239,BG-karnataka-045,0,0.863026,0.862963,1.01552,1.022443,0.376469,2.177849,588.26749
21.630906,78.303223,BG-mp-maharashtra-034,0,0.939744,0.82478,0.945732,0.977681,0.278093,9.222294,513.061367
23.046126,85.626279,BG-jharkhand-017,0,1.026543,0.977035,1.054369,1.015052,0.61152,12.952038,358.854235
20.814865,86.401947,BG-odisha-053,0,1.090441,1.073549,0.915913,0.839471,0.61402,0.0,576.772036
23.815199,74.085222,BG-rajasthan-053,0,1.159269,0.9844,0.978175,1.300217,0.299142,0.279129,284.205048
22.42,73.6,Panchmahal Mn Belt,1,1.327641,1.058965,1.347695,1.447189,0.066753,15.5916,362.554824
22.992243,79.087343,BG-mp-maharashtra-048,0,0.815724,1.008896,0.936803,1.086836,0.354775,0.849971,278.990218
24.782852,74.225305,BG-rajasthan-040,0,0.910625,1.028249,0.893207,1.141829,0.559973,10.182683,449.079093
21.053072,78.096513,BG-mp-maharashtra-006,0,1.145496,1.060081,0.887329,0.978099,0.148878,6.812878,345.88575
15.933778,75.697812,BG-karnataka-052,0,1.084247,1.028573,0.753665,0.857786,0.400611,3.170797,568.37222
22.46833,84.246045,BG-odisha-031,0,0.835132,0.966133,0.699842,0.675182,0.581833,0.0,318.409052
21.958152,85.683411,BG-odisha-030,0,0.793222,0.776847,0.906183,0.954379,0.62704,7.522804,351.276961
17.529075,83.809129,BG-andhra-016,0,1.141229,1.105152,1.035808,0.954989,0.633163,13.458347,272.658775
18.128532,84.121274,BG-andhra-001,0,1.303308,1.080458,1.105817,0.84557,0.270697,5.277324,16.359654
15.621499,75.667014,BG-karnataka-044,0,0.925127,1.072754,0.863575,1.105311,0.230287,3.278615,662.578447
23.000812,73.573827,BG-rajasthan-015,0,1.053362,0.997737,1.242756,1.227489,0.310934,11.430544,282.323147
14.499059,75.256984,BG-karnataka-035,0,1.017186,0.961978,1.141686,0.839317,0.536816,7.858067,639.26646
22.971452,86.408411,BG-jharkhand-045,0,0.986338,1.090444,0.856153,1.203529,0.519881,0.0,394.871237
21.843844,77.589392,BG-mp-maharashtra-004,0,1.048689,0.913765,0.852199,0.981569,0.214833,13.108238,295.889331
22.490299,85.624695,BG-odisha-015,0,0.914195,1.108837,1.063605,1.135239,0.71784,4.095358,264.885558
14.664371,77.32704,BG-karnataka-042,0,1.155083,1.063516,0.917698,0.817507,0.670656,8.091313,398.917869
21.342277,79.68738,BG-mp-maharashtra-028,0,1.144793,0.772673,0.892779,0.84027,0.351569,1.7501,352.535811
21.32,78.95,Mansar Mn Deposits,1,1.524853,1.267135,1.433172,1.638468,0.106457,9.8036,497.67071
22.377106,85.620656,BG-jharkhand-006,0,1.293078,1.07688,1.191048,1.183034,0.639735,0.0,476.894511
24.253497,73.549195,BG-rajasthan-047,0,1.054068,0.967048,0.885639,0.951956,0.530751,9.279891,185.243583
23.181742,86.125058,BG-jharkhand-042,0,1.054897,0.887111,0.817872,1.08282,0.404118,2.534335,265.391846
22.277725,85.716385,BG-jharkhand-009,0,1.065008,0.958695,0.795338,0.88544,0.428974,7.323165,264.531404
18.774363,84.233496,BG-andhra-039,0,1.098097,0.85288,1.406439,0.86944,0.325679,6.373015,100.738094
21.9,79.5,Katangi Mn Belt,1,1.545526,1.508227,1.250228,1.454554,0.093402,9.49989,560.221409
24.501929,74.540092,BG-rajasthan-032,0,1.163079,0.842451,1.217345,1.20593,0.542683,2.533522,357.227829
24.412838,73.128458,BG-rajasthan-052,0,0.892725,1.020789,0.919365,0.662406,0.617455,6.361539,468.633138
14.847152,75.691701,BG-karnataka-023,0,0.998211,0.984501,1.148452,1.082048,0.50896,19.964759,531.409979
24.438548,74.009556,BG-rajasthan-041,0,1.04707,1.185424,0.841199,0.85344,0.216549,7.901481,418.819382
22.371028,85.427608,BG-odisha-025,0,1.138638,0.784037,1.130937,1.211563,0.443457,5.646549,454.315536
23.498397,74.696673,BG-rajasthan-036,0,1.078743,1.043456,0.796226,0.99206,0.25388,8.340746,408.323811
24.661138,74.095744,BG-rajasthan-042,0,1.00419,0.998584,0.720957,1.157268,0.380564,6.08073,472.690669
22.979047,79.419999,BG-mp-maharashtra-030,0,0.89896,1.11564,0.989852,1.02451,0.554528,0.0,415.35168
18.232867,84.137247,BG-andhra-058,0,1.029842,1.094716,0.935311,0.961869,0.522838,5.232845,70.863446
22.060348,86.256269,BG-jharkhand-059,0,0.988967,1.124792,0.955103,0.880726,0.581709,0.0,146.770602
23.118903,85.830791,BG-jharkhand-004,0,1.019336,0.98352,1.005264,0.877155,0.434415,0.0,374.151854
20.95,86.1,Jajpur Mn District,1,1.056936,1.196121,1.367084,1.068675,0.092975,12.494956,528.427752
22.21794,77.958518,BG-mp-maharashtra-059,0,0.779366,1.004189,0.772248,0.804759,0.731333,8.50682,331.538627
21.3762,85.29394,BG-odisha-016,0,1.055044,1.043453,0.999007,1.379565,0.562982,0.0,348.078026
23.760762,73.011792,BG-rajasthan-058,0,0.902148,0.933461,0.972155,0.915817,0.275564,11.635325,415.707619
21.52976,78.239883,BG-mp-maharashtra-039,0,0.912682,1.048354,1.078029,1.222769,0.280597,9.009467,353.143282
18.345954,83.326947,BG-andhra-023,0,1.204807,0.934982,0.606515,1.025657,0.156692,4.522828,193.598921
21.69007,85.688031,BG-odisha-055,0,0.955791,0.7667,0.791483,0.884866,0.417822,11.298249,457.999397
22.584159,78.76648,BG-mp-maharashtra-046,0,0.944449,1.125604,0.75111,1.129603,0.43021,6.563462,420.230841
23.302692,85.990879,BG-jharkhand-018,0,0.911268,1.064151,0.96851,1.405888,0.408276,11.211287,421.179947
15.996909,77.490241,BG-karnataka-006,0,0.83214,1.136881,0.800334,0.662881,0.605064,10.31029,555.722819
17.902593,84.27757,BG-andhra-047,0,0.978237,1.165879,1.083899,0.915061,0.584361,0.0,138.513527
23.110134,86.44759,BG-jharkhand-033,0,0.851819,0.673998,0.781633,1.215572,0.27337,3.024856,222.292895
18.776429,83.27276,BG-andhra-052,0,1.158497,0.960156,1.048519,1.00309,0.260925,1.117257,292.099253
23.485047,85.80538,BG-jharkhand-031,0,1.010815,1.060672,0.463985,1.197617,0.376026,15.277858,293.816941
18.621888,83.171799,BG-andhra-026,0,1.024523,1.045849,0.829873,1.159638,0.350313,11.300964,287.252688
24.699475,73.145656,BG-rajasthan-027,0,1.099302,0.865855,0.936309,1.067986,0.114332,3.017128,453.188085
22.004014,85.950504,BG-jharkhand-037,0,0.817091,1.126267,0.86947,1.071721,0.264897,7.679702,430.900083
22.498565,86.090069,BG-odisha-039,0,1.20182,1.136029,1.170564,1.053427,0.251552,11.456943,236.545179
14.444867,77.041467,BG-karnataka-047,0,0.949806,1.055824,1.040969,1.27489,0.459311,0.0,519.721575
18.433385,83.04045,BG-andhra-007,0,1.04785,0.914421,1.195993,0.980382,0.215906,7.600553,73.754626
21.680501,77.966438,BG-mp-maharashtra-011,0,1.291983,0.995112,0.745474,1.192703,0.862772,0.0,519.338086
14.75,76.25,Holalkere Mn Zone,1,1.476806,1.248109,1.381799,1.518377,0.07763,14.861761,495.533309
22.13699,86.461911,BG-jharkhand-055,0,1.33337,1.158599,0.780218,1.019136,0.701376,3.290525,362.13506
21.115028,84.144813,BG-odisha-005,0,0.95562,1.111771,0.872771,1.018428,0.551837,4.565792,284.692532
21.505701,86.1318,BG-odisha-052,0,0.805352,0.762627,0.781231,0.744712,0.336431,6.850967,385.950491
15.878474,75.288354,BG-karnataka-055,0,0.887739,0.827658,0.811058,0.797936,0.249901,8.714627,395.492734
23.154967,73.571456,BG-rajasthan-048,0,1.022771,0.879653,1.358471,0.732492,0.492861,3.998122,265.17566
15.268476,75.65996,BG-karnataka-020,0,1.070434,0.980226,0.798975,1.088204,0.526159,11.392614,482.903167
18.153754,83.043537,BG-andhra-003,0,1.255271,0.934414,0.653838,1.103695,0.44613,1.529421,302.656438
18.728952,84.447081,BG-andhra-027,0,0.944539,1.092195,0.956768,1.140051,0.575511,7.629256,86.475223
21.72,80.25,Waraseoni Mn Area,1,1.563943,1.223482,1.680407,1.515734,0.207601,6.593407,431.570089
14.616517,77.247454,BG-karnataka-032,0,1.035475,0.807838,0.782756,1.002627,0.446762,6.409337,672.881455
20.638425,85.901505,BG-odisha-008,0,0.955946,1.048514,0.946858,0.988958,0.503702,0.0,387.299255
15.66749,76.75885,BG-karnataka-011,0,0.917879,0.839121,0.668081,0.949137,0.140836,9.415554,523.676195
21.82,85.42,Keonjhar Mn Deposits,1,1.043586,1.112236,1.455892,1.301023,0.11469,8.097104,411.020673
21.63,85.58,Joda–Barbil Mn Belt,1,1.040047,1.212726,1.219543,2.010756,0.120829,7.768627,489.19339
21.347157,85.167562,BG-odisha-029,0,0.995035,0.992934,0.830141,1.268836,0.353295,7.189076,504.559328
24.805611,74.23103,BG-rajasthan-013,0,0.971279,0.959981,1.063842,1.129229,0.274683,6.316675,246.009406
23.618569,73.816786,BG-rajasthan-009,0,0.900741,0.875709,1.164556,1.275452,0.902927,5.245523,257.445243
22.45,78.1,Betul Mn Occurrences,1,1.186104,1.477197,1.043092,1.356606,0.089054,16.149982,389.065913
21.437276,79.016066,BG-mp-maharashtra-005,0,1.196266,1.130736,0.943317,1.094479,0.198419,5.103065,396.347024
23.39826,73.048851,BG-rajasthan-025,0,0.607267,1.013999,1.026827,0.74906,0.219913,2.128199,291.790004
15.66919,76.456274,BG-karnataka-030,0,0.970981,0.835444,0.808743,1.069042,0.379208,5.019397,524.735214
15.560232,77.210337,BG-karnataka-036,0,1.093152,0.939944,1.107846,1.03648,0.611136,11.11187,389.3477
14.920606,75.762977,BG-karnataka-048,0,1.167519,1.191767,0.814395,1.014901,0.399275,7.483753,607.199106
22.752735,78.444034,BG-mp-maharashtra-036,0,0.912913,1.130632,0.832931,0.997869,0.634011,14.290471,293.607923
23.770391,74.153176,BG-rajasthan-001,0,1.145167,0.988605,0.716809,0.86717,0.255189,3.235073,304.153302
17.689331,84.004188,BG-andhra-022,0,1.024472,1.1261,1.037596,1.44449,0.418617,9.051638,245.585286
22.06,78.94,Chhindwara Mn Belt,1,1.681313,1.159405,1.472146,1.745815,0.075127,9.215488,495.301441
18.937259,83.594982,BG-andhra-030,0,0.950435,0.846218,1.263237,0.983256,0.754796,3.212086,177.220219
20.809594,84.74177,BG-odisha-049,0,1.147542,0.933218,0.826181,0.904814,0.506354,2.502487,389.687453
21.81,80.19,Balaghat Mn District,1,0.928543,1.1307,1.287544,1.317472,0.050577,6.142683,464.936462
21.533956,80.309964,BG-mp-maharashtra-026,0,1.25793,0.778205,0.925798,1.176328,0.516858,5.078092,370.421614
15.326777,77.347325,BG-karnataka-015,0,1.022122,0.946862,0.620166,0.905475,0.12857,11.309754,640.491336
18.004194,84.018713,BG-andhra-004,0,0.893883,1.064634,1.361784,0.920308,0.680877,7.131273,173.963086
22.311682,85.711025,BG-jharkhand-034,0,0.843054,0.88773,0.906814,0.649476,0.550179,4.052209,430.516864
23.828882,74.259531,BG-rajasthan-028,0,0.952924,1.349775,0.704834,0.87071,0.579885,16.113105,240.833943
20.999613,86.308164,BG-odisha-036,0,1.312674,0.840786,1.176939,1.032063,0.8391,13.518934,308.750506
22.65,86.15,Chaibasa Mn Deposits,1,1.96714,1.040135,1.263548,1.781581,0.07387,7.062865,399.144128
24.636847,74.502276,BG-rajasthan-023,0,1.092398,1.010334,0.850688,1.051503,0.568362,12.267958,386.097654
21.421966,80.328729,BG-mp-maharashtra-035,0,0.819523,0.963694,0.870705,1.231045,0.175178,8.018799,302.806407
24.59205,73.339383,BG-rajasthan-020,0,1.223529,1.060251,1.005093,1.10079,0.40273,8.540998,344.541065
17.830808,83.329132,BG-andhra-002,0,1.136993,0.967615,0.573009,0.937815,0.717974,12.036431,211.500403
21.67,80.34,Bharweli Mine,1,1.354793,1.16636,1.433501,1.535808,0.051882,12.014271,546.302763
17.905124,84.212299,BG-andhra-044,0,0.867222,0.935711,1.04417,1.13564,0.388509,3.120951,148.972612
22.271369,78.594497,BG-mp-maharashtra-024,0,1.081637,1.015785,0.966893,0.801724,0.274702,8.365708,285.680297
15.744334,77.146483,BG-karnataka-046,0,1.056217,0.913096,0.873643,1.024272,0.74498,6.799675,517.47677
22.736232,86.292933,BG-jharkhand-000,0,0.784261,1.026591,1.151873,1.11718,0.658212,7.644692,206.639771
23.008422,85.769511,BG-jharkhand-058,0,1.012808,1.028233,1.085362,0.941108,0.449228,7.146413,489.842232
22.704095,85.940469,BG-jharkhand-020,0,1.180838,1.044021,1.033396,0.855955,0.272837,5.086654,464.574172
18.142567,83.555856,BG-andhra-037,0,1.083257,1.032942,0.729751,0.786135,0.65038,5.344127,55.494333
23.054282,85.770916,BG-jharkhand-005,0,1.161147,0.993545,1.442234,1.22,0.518939,4.820007,375.552506
22.472942,79.530098,BG-mp-maharashtra-002,0,1.003576,0.772956,1.118404,1.063977,-0.0083,2.640145,328.838398
22.14,78.62,Sausar Group Deposits,1,1.576178,1.212951,1.587733,1.101696,0.043179,13.554959,414.134505
21.346276,84.529496,BG-odisha-012,0,0.850619,0.891533,0.848428,1.106292,0.650088,0.0,348.014586
23.351773,74.915932,BG-rajasthan-034,0,1.022279,0.970685,1.103321,1.039176,0.361433,0.496479,149.28198
24.076904,74.43886,BG-rajasthan-003,0,0.960622,0.961873,1.117476,0.959557,0.85503,5.155842,296.832186
15.435224,75.508993,BG-karnataka-019,0,1.080895,0.833827,1.003425,0.689745,0.574936,5.800054,573.162786
14.977064,77.263341,BG-karnataka-021,0,1.044769,0.794412,0.826221,1.270628,0.544082,2.812315,596.318861
21.3,85.8,Gua Mn Deposits,1,1.461542,1.532718,1.519863,1.502234,0.099573,16.278022,412.891594
23.414014,86.000472,BG-jharkhand-051,0,0.880718,0.801368,0.832017,0.961746,0.590118,9.609334,476.617676
23.123437,86.069207,BG-jharkhand-048,0,1.044476,1.068094,1.33149,1.165646,0.73249,0.0,268.402115
21.159584,78.198373,BG-mp-maharashtra-022,0,0.899822,0.611986,0.981789,1.242792,0.368996,6.37949,326.054038
22.278854,77.575032,BG-mp-maharashtra-000,0,0.941324,0.99709,0.778676,1.207845,0.133811,6.950053,365.937005
21.7,85.3,Joda Mine Complex,1,1.677829,1.341895,0.944851,0.935521,0.049878,7.59154,406.769514
23.7,74.3,Kagdi Mn Deposits,1,1.386049,1.327775,1.074122,1.059891,0.162722,8.128272,382.763867
23.859776,74.15997,BG-rajasthan-016,0,0.917307,0.937483,1.207841,0.760277,0.25166,8.387207,522.414854
24.345591,73.449281,BG-rajasthan-024,0,0.987096,0.795847,0.649821,1.061687,0.24761,15.290105,607.576389
22.694989,79.311178,BG-mp-maharashtra-014,0,1.056208,1.02311,0.951134,1.202687,0.459478,5.785105,499.644359
18.549197,84.150347,BG-andhra-024,0,1.120189,1.237028,0.708107,0.931107,0.306336,9.288006,145.705061
17.628419,84.080112,BG-andhra-057,0,1.116373,0.808032,0.954905,1.387519,0.738523,0.0,240.104511
14.150488,77.207766,BG-karnataka-028,0,1.152216,0.895857,0.793619,1.125918,0.47714,7.986434,532.614342
15.60447,77.16016,BG-karnataka-043,0,1.392986,0.841201,0.89064,1.102382,0.584396,0.0,692.704399
21.176171,85.470772,BG-odisha-018,0,0.786701,0.960832,0.920876,0.90678,0.652653,0.0,299.613891
24.190905,74.900079,BG-rajasthan-039,0,0.875558,1.073737,1.218067,1.144075,0.697198,0.0,367.996013
22.990642,85.657057,BG-jharkhand-035,0,0.798715,0.911254,1.009147,1.03514,0.693878,0.0,258.068991
21.450565,85.374509,BG-odisha-010,0,0.783099,0.746957,1.130925,1.049187,0.724624,10.833429,387.496527
22.740693,85.580442,BG-jharkhand-052,0,0.864861,1.088933,0.859344,0.828092,0.26443,6.048357,489.208283
22.803796,86.26219,BG-jharkhand-008,0,1.028417,1.119176,0.984615,0.951768,0.9226,13.6947,371.659768
21.757069,79.156122,BG-mp-maharashtra-017,0,0.886849,0.750826,1.034217,0.979118,0.53939,6.953685,467.99038
14.216805,76.086409,BG-karnataka-058,0,1.202756,1.000849,0.854249,0.896712,0.559132,0.676779,629.017642
15.482462,76.379201,BG-karnataka-026,0,1.134271,0.954295,0.844972,0.735786,0.268926,0.0,552.93382
23.946372,74.802362,BG-rajasthan-019,0,0.949234,0.840314,1.109617,1.040692,0.46809,8.011526,464.009769
18.77544,83.900617,BG-andhra-034,0,0.763548,1.051868,0.68057,0.892899,0.632065,8.610501,273.121499
18.477632,84.13135,BG-andhra-019,0,1.049134,1.143687,0.723472,0.971175,0.468049,14.658783,312.92049
23.831548,73.413669,BG-rajasthan-054,0,1.186148,0.861025,1.329946,1.095489,0.288993,16.054117,193.040097
21.53365,79.422885,BG-mp-maharashtra-052,0,0.881008,0.92958,0.813133,1.104354,0.50705,6.010787,628.318751
22.0,84.95,Rajgangpur Mn Area,1,1.053206,1.438622,1.171563,1.712433,0.311469,18.245902,406.664
20.957884,86.26355,BG-odisha-021,0,0.833878,1.00263,0.961461,0.737944,0.585043,1.347949,538.620971
15.807857,76.363976,BG-karnataka-029,0,1.174426,0.923426,0.975786,0.981189,0.382243,19.442398,447.018343
21.030406,85.960177,BG-odisha-045,0,1.028854,1.088891,0.908506,0.919433,0.234053,10.864159,458.320329
22.991775,86.433668,BG-jharkhand-043,0,1.095189,0.763857,1.050573,1.065649,0.402529,0.0,343.764913
22.057253,85.325884,BG-odisha-001,0,0.880665,0.970405,0.980134,0.965895,0.609944,5.202772,438.199565
22.25,84.5,Bonai Mn Belt,1,1.46368,1.381308,1.146469,1.350939,0.22298,10.083425,498.806368
22.437419,85.447951,BG-odisha-050,0,1.139239,0.902192,1.110882,0.978802,0.622623,13.84194,500.075396
23.146665,86.106318,BG-jharkhand-028,0,1.38632,0.758294,0.88226,0.977385,0.391951,7.176016,309.50806
23.54343,73.639419,BG-rajasthan-049,0,1.196977,1.088019,1.036156,0.858046,0.553054,8.534305,388.927397
22.219271,84.177143,BG-odisha-022,0,1.024801,1.142044,0.882259,0.961328,0.573399,7.888561,473.785728
18.153362,84.096539,BG-andhra-046,0,0.974558,0.789088,0.771987,0.950772,0.594712,9.065189,0.249765
24.212418,74.022846,BG-rajasthan-000,0,1.105423,0.948661,0.803263,1.370524,0.504873,9.223369,632.427798
18.453378,84.243061,BG-andhra-041,0,0.927021,0.908417,1.208243,0.810773,0.472574,5.707968,306.719914
22.483482,85.750368,BG-jharkhand-054,0,1.084863,0.841287,1.125559,1.155224,0.281329,2.404886,322.161175
23.912924,74.602833,BG-rajasthan-037,0,0.836106,1.098407,0.918185,0.975547,0.283582,3.724575,513.344679
22.113899,79.553843,BG-mp-maharashtra-031,0,1.139726,0.749738,0.811647,1.121696,0.375319,3.010422,325.345863
18.600693,84.448211,BG-andhra-043,0,0.807029,0.972388,0.909156,1.20246,0.44866,1.15673,276.318605
17.878407,83.122859,BG-andhra-015,0,1.235384,0.864354,0.697588,0.943365,0.230515,12.88728,47.348098
14.6,76.4,Chitradurga Mn District,1,1.314461,1.455763,1.476818,1.317268,0.069524,8.810313,573.189136
17.681583,84.475767,BG-andhra-035,0,1.259424,0.939894,0.754005,1.177724,0.636211,4.479418,284.933754
20.641986,85.577757,BG-odisha-020,0,1.028199,0.803116,0.957028,0.836852,0.352194,1.27496,416.612936
22.363421,79.110911,BG-mp-maharashtra-051,0,1.049837,0.788442,0.822823,1.019569,0.538943,5.825085,177.252602
14.145086,76.145714,BG-karnataka-005,0,1.225905,1.190401,1.223407,1.107057,0.574238,2.556134,570.743654
15.307953,75.019558,BG-karnataka-013,0,0.839099,0.975829,0.741249,1.113632,0.399725,8.95181,570.083114
22.296071,79.327393,BG-mp-maharashtra-027,0,0.946471,1.069632,0.782255,0.977624,0.368617,8.847876,411.693321
14.739054,75.394367,BG-karnataka-010,0,1.063203,1.028311,0.594622,0.871789,0.479708,10.056142,612.984654
17.967936,84.016021,BG-andhra-029,0,1.229723,0.931189,0.986109,0.940032,0.385936,1.763034,140.239135
15.940801,75.44642,BG-karnataka-056,0,0.989525,0.875298,0.974252,0.729019,0.532749,6.298556,599.085166
23.30908,86.074064,BG-jharkhand-019,0,0.94584,0.893931,1.127178,0.995279,0.797713,0.0,322.789869
22.291176,85.727483,BG-jharkhand-013,0,0.83962,0.857723,0.843601,0.943083,0.593083,0.352477,447.101292
18.3,83.9,Garbham Mn Deposits,1,1.091822,1.155116,1.557566,1.512409,0.164505,11.894403,280.318251
22.347214,86.206956,BG-jharkhand-039,0,1.120481,1.142476,0.803847,1.008682,0.568336,8.87339,441.38637
23.037681,85.806206,BG-jharkhand-002,0,1.229046,0.894871,0.754045,1.223582,0.459863,3.030911,353.933556
21.305243,84.848257,BG-odisha-032,0,0.950836,1.090807,1.112427,1.069877,0.551948,5.646734,492.915985
22.025022,85.348448,BG-odisha-000,0,0.641869,0.808135,0.963611,0.953844,0.298412,8.289859,272.377795
18.560963,83.653231,BG-andhra-042,0,1.054778,0.976158,0.979232,0.88733,0.427162,11.021216,259.787568
21.5,85.75,Barbil Mine Area,1,1.572568,1.207187,1.013589,1.326706,0.126439,14.445731,499.516771
14.22,75.57,Shimoga Mn Belt,1,1.464969,1.082956,1.34312,1.367654,0.118084,4.812616,622.473326
21.798801,78.157962,BG-mp-maharashtra-042,0,1.015225,1.06457,0.73614,0.839683,1.0,1.539774,451.634106
23.703518,74.50695,BG-rajasthan-059,0,1.090041,0.832316,1.246417,1.009501,0.485412,13.682739,262.987698
15.761728,77.198176,BG-karnataka-009,0,0.941977,0.915083,0.750377,1.064134,0.540419,6.32494,622.141339
18.924418,83.299041,BG-andhra-020,0,1.158505,1.004031,0.931369,1.215267,0.341567,11.783609,178.774799
17.751684,83.910871,BG-andhra-025,0,1.142368,1.197452,0.607632,0.989238,0.391329,13.183239,155.249536
20.880418,85.121534,BG-odisha-034,0,1.456643,0.761373,1.025921,0.958192,0.545865,2.956853,330.386492
24.531627,74.0426,BG-rajasthan-046,0,0.728348,0.974063,0.730332,0.810453,0.474768,4.953929,462.979893
15.0,76.5,Hospet Mn Area,1,1.109374,1.287362,1.37805,1.359526,0.067673,9.199449,651.879013
14.214072,76.383059,BG-karnataka-017,0,0.960199,1.070148,0.926191,1.295967,0.464557,4.710059,372.808925
22.299769,79.134824,BG-mp-maharashtra-007,0,0.791656,1.009568,0.933608,1.065004,0.343611,4.823028,351.393572
24.335155,74.975785,BG-rajasthan-038,0,1.067232,0.931639,1.268344,0.909908,0.650198,0.754782,298.81346
15.45709,75.784193,BG-karnataka-059,0,0.885353,1.123753,1.039918,1.041948,0.499857,0.620342,704.32043
22.1,84.77,Sundargarh Mn Belt,1,1.657906,1.214512,1.322387,1.549827,0.124227,8.739329,385.503687
20.960229,84.550543,BG-odisha-019,0,0.964657,0.898112,1.086776,0.967473,0.387178,2.679299,215.055362
18.641845,83.568689,BG-andhra-013,0,1.269629,1.026117,1.10864,0.935216,0.707724,6.153413,359.790014
15.045565,77.336766,BG-karnataka-000,0,1.01786,0.954194,0.885527,1.032398,0.498247,12.217134,719.368421
14.146521,75.532886,BG-karnataka-007,0,1.034391,1.118475,0.535176,0.944753,0.502451,9.492047,596.541101
22.3,73.85,Shivrajpur Mn Deposits,1,1.368789,1.14616,1.176042,1.800392,0.241,14.469553,460.742408
14.544696,76.512075,BG-karnataka-018,0,0.934485,1.03211,0.966061,0.999508,0.455774,2.651719,454.144307
23.031077,86.423911,BG-jharkhand-041,0,0.981215,0.779895,1.06572,1.154168,0.329178,0.0,393.293748
23.033017,86.199734,BG-jharkhand-050,0,1.058149,0.962666,0.756492,0.713162,0.750965,4.526164,405.483907
20.970408,84.299717,BG-odisha-056,0,1.00868,1.01376,0.765477,0.948686,0.229588,0.607812,302.007807
21.907447,80.361448,BG-mp-maharashtra-054,0,0.730952,0.900044,0.856258,0.830206,0.437417,5.448967,327.932913
21.202003,78.333921,BG-mp-maharashtra-023,0,1.341915,1.053367,1.149465,0.967459,0.611912,8.945088,307.964228
22.080414,85.649198,BG-jharkhand-025,0,0.910846,1.338979,0.904205,1.097898,0.423518,9.241287,270.595616
21.689038,85.548454,BG-odisha-058,0,0.859153,1.107464,1.001765,0.623581,0.46398,4.681145,458.173506
22.637708,86.044562,BG-jharkhand-044,0,1.071369,1.004486,0.983994,1.066475,0.264054,1.832951,256.245852
22.13958,85.721596,BG-jharkhand-001,0,0.805414,1.062473,1.142413,1.118239,0.357791,3.082924,331.613795
21.740362,78.128521,BG-mp-maharashtra-025,0,1.198064,1.028462,1.248226,0.864868,0.421642,0.0,264.103404
21.87,79.88,Ukwa Mine,1,1.348948,1.166287,1.227693,1.113055,0.157709,8.421295,524.040586
21.445342,85.961549,BG-odisha-026,0,1.10808,0.789474,1.033311,0.924181,0.720526,5.366852,324.613522
18.106475,83.247567,BG-andhra-005,0,0.954953,0.764883,1.173913,1.359097,0.165935,4.366932,187.855487
15.282963,75.999196,BG-karnataka-053,0,0.924916,1.11828,1.16959,0.980745,0.812118,5.647469,523.390545
22.001172,78.035956,BG-mp-maharashtra-056,0,1.064769,0.863016,1.202501,1.118662,0.399659,4.665166,320.145065
14.309107,77.324703,BG-karnataka-038,0,1.062001,0.791827,0.970507,0.937247,0.556399,10.191557,636.56319
22.248884,85.807612,BG-jharkhand-047,0,1.000389,0.867749,0.922054,1.017339,0.542946,2.943214,273.599281
22.872333,85.97326,BG-jharkhand-003,0,1.047748,1.136644,1.269572,1.146912,0.291655,11.838669,256.977378
18.673953,83.520806,BG-andhra-036,0,0.896708,1.015589,0.749148,1.148269,0.450883,7.296053,109.422793
22.726298,86.224585,BG-jharkhand-010,0,1.155428,1.026706,0.911867,1.171245,0.007751,7.130402,338.170857
21.219298,79.382338,BG-mp-maharashtra-045,0,0.8928,0.983037,1.049968,0.902086,0.43968,5.31361,463.218074
23.462523,74.3879,BG-rajasthan-051,0,1.216284,0.899687,1.180707,0.811324,0.511132,0.0,357.895472
22.3,78.5,Seoni District Mn,1,1.524451,1.543675,1.328884,1.270337,0.232385,9.656397,466.88365
17.81749,83.490269,BG-andhra-012,0,1.166723,1.102058,0.692859,1.028248,0.457213,0.686935,21.371033
24.265882,73.670377,BG-rajasthan-022,0,1.009305,0.899715,0.854048,0.998021,0.400326,5.579179,523.447012
20.538953,86.322747,BG-odisha-003,0,1.015179,1.204448,1.169056,1.174813,0.336154,4.179542,278.830287
22.751706,78.290167,BG-mp-maharashtra-055,0,1.08654,0.951282,1.040672,1.068404,0.488534,3.89391,242.970924
24.58,73.71,Udaipur Mn Occurrences,1,1.291663,1.334659,1.290501,1.407995,0.218103,11.35279,286.763451
21.4,79.55,Sakoli Belt Deposits,1,1.363917,1.080593,1.310247,1.498054,0.185847,15.822381,424.942818
21.6,79.0,Manegaon Mine,1,1.321011,1.311844,1.493157,1.213715,0.201805,12.02882,449.475034
15.621543,77.203541,BG-karnataka-040,0,0.975024,1.055244,1.038347,1.084112,0.335595,0.0,539.659647
18.201085,83.191442,BG-andhra-006,0,0.976624,1.019559,0.847678,1.121552,0.529634,2.169418,303.953184
14.95,76.7,Kudligi Mn Belt,1,1.311417,1.108565,1.365156,1.417057,0.058545,11.856529,589.35917
24.794416,74.487311,BG-rajasthan-043,0,0.898686,0.731984,1.038227,1.035844,0.480295,11.69571,76.032368
23.253938,86.075199,BG-jharkhand-056,0,1.223073,1.137294,0.813188,1.182348,0.321967,0.808724,338.84649
18.197063,83.915498,BG-andhra-050,0,1.312424,1.007017,0.977976,1.161709,0.354175,12.238816,372.768266
18.45,84.0,Srikakulam Mn Zone,1,1.465842,1.093877,1.512963,1.478938,0.19793,13.818955,270.550434
22.276546,85.551377,BG-jharkhand-021,0,0.875594,1.153742,1.014684,1.071865,0.564566,6.902798,462.274316
22.614257,79.689195,BG-mp-maharashtra-015,0,1.051593,0.936913,0.881971,0.938188,0.411011,9.952475,312.941769
21.59689,79.416848,BG-mp-maharashtra-058,0,1.002228,0.946862,1.055419,1.123837,0.795656,0.0,394.92554
22.031669,84.320979,BG-odisha-009,0,1.111684,0.740934,1.248614,1.001423,0.32502,9.868396,138.219163
20.928474,84.33078,BG-odisha-024,0,1.053958,0.831105,0.967614,1.079849,0.59473,7.350975,609.502812
23.233173,85.900707,BG-jharkhand-023,0,1.029916,0.915549,1.166179,1.009551,0.531096,0.0,399.856748
21.65,78.8,Saoner Mn Belt,1,1.365046,1.150416,1.201858,1.60063,-0.04375,21.466824,540.788452
21.550059,78.169632,BG-mp-maharashtra-001,0,1.079168,1.207049,1.013945,0.876805,0.634604,0.0,486.007198
18.572522,83.113995,BG-andhra-031,0,1.211696,1.029546,0.737807,1.052819,0.439075,2.16005,0.0
