latitude,longitude,name,soil_type,climate_type,sample_weight,label,ferric_iron_index,ferrous_mineral_index,laterite_index,gossan_index,ndvi,slope,elevation,soil_weathering_index,climate_weathering_index
12.80102,77.33679,NEG-CHAR-024,charnockitic_red_loam,semi_arid_peninsular,0.9,0,0.982709,0.930981,0.926642,1.084238,0.362138,0.905822,446.585468,0.64792,0.796135
27.11886,78.52924,NEG-QUAT-009,quaternary_alluvium,subhumid_alluvial,1.0,0,0.951588,0.97323,1.007991,0.985664,0.565471,0.935511,104.340193,0.544634,0.891108
12.4098,78.51585,NEG-CHAR-039,charnockitic_red_loam,semi_arid_peninsular,0.9,0,1.004999,0.938304,1.003813,0.825575,0.336281,5.278798,489.872351,0.651124,0.861426
24.18942,77.69428,NEG-AREN-029,arenaceous_sandstone_soil,semi_arid_plateau,0.92,0,1.029786,1.036056,0.806413,1.06819,0.167967,0.1,371.448742,0.570103,0.916361
27.20904,71.95,NEG-AEOL-024,aeolian_sand,arid_aeolian,1.0,0,0.773141,0.582474,0.726263,0.619824,0.07655,2.14732,245.720993,0.385491,0.288305
24.10075,78.28585,NEG-AREN-044,arenaceous_sandstone_soil,semi_arid_plateau,0.92,0,1.041986,1.021494,0.997419,0.924762,0.279568,3.16607,459.946112,0.649986,1.076933
26.81902,72.13451,NEG-AEOL-006,aeolian_sand,arid_aeolian,1.0,0,0.654457,0.59209,0.719163,0.813748,0.100228,3.502981,311.317249,0.312478,0.164622
19.71457,76.26319,NEG-VERT-004,vertisol_black_cotton,semi_arid_trap,0.95,0,0.976151,1.184819,0.776759,0.983688,0.430388,2.931934,574.272399,0.803886,1.012141
23.61725,77.96526,NEG-AREN-015,arenaceous_sandstone_soil,semi_arid_plateau,0.92,0,1.074396,0.882966,0.872584,0.90021,0.513318,2.952968,414.379138,0.769916,0.740419
27.49224,80.88101,NEG-QUAT-048,quaternary_alluvium,subhumid_alluvial,1.0,0,0.910634,0.765871,0.760927,0.863226,0.608207,2.674144,149.168993,0.546136,0.776797
26.27863,71.94506,NEG-AEOL-009,aeolian_sand,arid_aeolian,1.0,0,0.806779,0.751468,0.674632,0.619124,0.116135,2.957257,301.347077,0.317607,0.367186
23.76933,78.05525,NEG-AREN-008,arenaceous_sandstone_soil,semi_arid_plateau,0.92,0,0.956935,1.125237,0.953814,0.938048,0.222017,3.867733,533.865682,0.777965,0.895777
12.85281,78.69746,NEG-CHAR-007,charnockitic_red_loam,semi_arid_peninsular,0.9,0,0.714895,1.028206,1.006702,0.934009,0.292166,4.194917,557.990101,0.553388,0.772941
12.55344,78.0703,NEG-CHAR-038,charnockitic_red_loam,semi_arid_peninsular,0.9,0,1.163414,0.900923,0.89629,1.011733,0.206219,4.68388,323.230592,0.786224,0.82035
19.49807,75.47945,NEG-VERT-024,vertisol_black_cotton,semi_arid_trap,0.95,0,1.314012,1.110892,1.113883,0.836641,0.385343,4.081662,650.929069,0.555099,0.879062
18.94934,74.97475,NEG-VERT-006,vertisol_black_cotton,semi_arid_trap,0.95,0,1.110962,1.24869,1.035486,0.985728,0.337402,1.253277,534.656707,0.718913,0.982027
27.1857,81.992,NEG-QUAT-032,quaternary_alluvium,subhumid_alluvial,1.0,0,0.878898,0.982039,0.70741,0.880454,0.586561,2.341564,215.164576,0.515585,0.648276
12.77925,78.58042,NEG-CHAR-017,charnockitic_red_loam,semi_arid_peninsular,0.9,0,1.054942,1.006869,0.998999,0.915965,0.538674,4.393371,475.98597,0.832889,0.88702
26.94101,72.90206,NEG-AEOL-021,aeolian_sand,arid_aeolian,1.0,0,0.742921,0.852224,0.671933,0.676323,0.084479,4.279322,245.935624,0.36155,0.321744
25.9581,78.64445,NEG-QUAT-033,quaternary_alluvium,subhumid_alluvial,1.0,0,0.888714,0.777343,0.912937,0.942973,0.464879,2.383978,177.340532,0.420501,0.811822
26.13091,79.70483,NEG-QUAT-034,quaternary_alluvium,subhumid_alluvial,1.0,0,0.92039,0.801697,0.929825,0.915479,0.44566,2.070651,171.964197,0.462246,0.800035
19.20184,75.78597,NEG-VERT-048,vertisol_black_cotton,semi_arid_trap,0.95,0,1.161808,1.001607,0.995707,0.980303,0.671921,0.147855,572.146295,0.706313,0.76998
19.24442,75.31882,NEG-VERT-019,vertisol_black_cotton,semi_arid_trap,0.95,0,1.268191,1.079057,1.218913,0.931364,0.442061,2.616474,468.198399,0.746873,0.751743
18.63313,75.12832,NEG-VERT-021,vertisol_black_cotton,semi_arid_trap,0.95,0,1.064299,0.848447,1.190296,0.96163,0.609149,1.687198,541.940178,1.088144,0.693027
27.11164,81.64163,NEG-QUAT-010,quaternary_alluvium,subhumid_alluvial,1.0,0,0.79047,0.895349,0.931974,0.989334,0.730651,1.368689,77.898716,0.476497,0.884022
23.7,74.3,Kagdi Mn Deposits,lateritic_gravelly_loam,tropical_wet_dry_supergene,1.0,1,1.454506,0.946029,1.334392,1.67167,0.310124,12.165903,423.558139,1.186371,1.218811
12.09632,77.78832,NEG-CHAR-005,charnockitic_red_loam,semi_arid_peninsular,0.9,0,1.00563,1.005352,1.009622,0.942615,0.218728,2.48888,327.442048,0.757209,0.565649
26.57246,82.87902,NEG-QUAT-016,quaternary_alluvium,subhumid_alluvial,1.0,0,0.906672,0.994988,1.047421,0.92713,0.69018,1.240896,116.501821,0.452561,0.912734
25.8268,80.20755,NEG-QUAT-029,quaternary_alluvium,subhumid_alluvial,1.0,0,1.039422,0.99874,1.24633,0.916766,0.636849,1.876832,140.015144,0.751617,0.91066
19.73508,76.29841,NEG-VERT-011,vertisol_black_cotton,semi_arid_trap,0.95,0,0.872062,1.036017,1.0014,1.06615,0.238186,0.1,377.022477,0.732178,0.76968
19.06506,76.38239,NEG-VERT-013,vertisol_black_cotton,semi_arid_trap,0.95,0,1.081426,0.995336,0.803091,0.757465,0.439502,4.166097,594.474525,0.826988,0.760928
22.8,85.95,Singhbhum Mn Belt,lateritic_gravelly_loam,tropical_wet_dry_supergene,1.0,1,1.595882,1.200909,1.234266,1.326296,0.093215,2.619921,414.379563,1.394984,1.276528
21.45,85.5,Noamundi Mn Zone,lateritic_gravelly_loam,tropical_wet_dry_supergene,1.0,1,1.265785,1.272053,1.614699,1.426886,0.099389,8.129935,430.814614,1.182933,1.304969
24.24008,77.60435,NEG-AREN-006,arenaceous_sandstone_soil,semi_arid_plateau,0.92,0,1.007342,1.152915,1.053217,1.124084,0.280187,5.673827,328.849402,0.717435,0.866061
19.70232,74.98376,NEG-VERT-016,vertisol_black_cotton,semi_arid_trap,0.95,0,0.948031,1.299932,1.018085,0.7707,0.466343,2.766659,520.103216,0.791234,0.819053
18.80733,75.01666,NEG-VERT-002,vertisol_black_cotton,semi_arid_trap,0.95,0,0.795302,0.952585,1.042715,1.123132,0.628378,6.745703,365.834755,0.824643,0.588371
23.59328,78.12781,NEG-AREN-003,arenaceous_sandstone_soil,semi_arid_plateau,0.92,0,1.193632,0.977868,0.80306,1.241188,0.470156,0.1,443.477449,0.592263,0.832243
21.55,85.9,Koira Mn Area,lateritic_gravelly_loam,tropical_wet_dry_supergene,1.0,1,1.305569,1.412289,1.112274,1.477133,0.285135,7.305639,447.638921,1.38828,1.237236
24.41363,78.18617,NEG-AREN-024,arenaceous_sandstone_soil,semi_arid_plateau,0.92,0,1.077747,0.960676,0.826748,1.211442,0.490826,3.832365,369.066019,0.585876,0.955404
23.58523,77.71431,NEG-AREN-030,arenaceous_sandstone_soil,semi_arid_plateau,0.92,0,0.982423,1.000538,0.917865,1.073969,0.363763,5.880479,405.343127,0.77955,0.893962
15.35,76.55,Bellary Mn District,lateritic_gravelly_loam,tropical_wet_dry_supergene,1.0,1,1.361342,1.099631,1.189581,1.286667,0.061241,13.230287,602.203861,1.579814,1.59352
26.13058,72.18743,NEG-AEOL-026,aeolian_sand,arid_aeolian,1.0,0,0.721938,0.556159,0.615669,0.693972,0.020462,2.199408,254.347315,0.283246,0.203894
12.0349,78.29305,NEG-CHAR-018,charnockitic_red_loam,semi_arid_peninsular,0.9,0,0.908949,1.146535,0.920842,0.900408,0.327794,6.299556,365.224956,0.737822,0.900067
20.38326,86.47336,NEG-HYDR-040,hydromorphic_saline_alluvium,humid_coastal_lowland,1.0,0,0.924912,1.059969,0.724952,0.913273,0.424858,0.60173,42.941308,0.482238,0.65021
11.81421,78.90651,NEG-CHAR-049,charnockitic_red_loam,semi_arid_peninsular,0.9,0,0.85703,1.011783,0.864355,0.889134,0.289261,4.742287,250.317432,0.723292,0.83913
27.15881,81.28334,NEG-QUAT-018,quaternary_alluvium,subhumid_alluvial,1.0,0,0.881547,1.053693,0.947258,0.859372,0.456198,2.225636,81.77669,0.486738,0.696895
21.28,79.65,Bhandara Mn District,lateritic_gravelly_loam,tropical_wet_dry_supergene,1.0,1,1.39118,1.249558,1.345886,1.624273,0.158245,9.097527,392.348706,1.461059,1.383378
19.86393,75.84638,NEG-VERT-045,vertisol_black_cotton,semi_arid_trap,0.95,0,1.214097,0.99778,0.95317,0.973544,0.389487,3.518702,391.409538,0.830748,0.845321
26.1029,72.37627,NEG-AEOL-012,aeolian_sand,arid_aeolian,1.0,0,0.810438,0.859966,0.621293,0.697109,0.080391,4.830623,153.439014,0.358861,0.16175
26.77137,80.14174,NEG-QUAT-024,quaternary_alluvium,subhumid_alluvial,1.0,0,0.681843,0.747917,0.728005,1.026903,0.42843,1.395288,97.641926,0.581095,0.649804
19.69216,76.30303,NEG-VERT-007,vertisol_black_cotton,semi_arid_trap,0.95,0,1.198118,0.970758,0.858221,0.993502,0.402965,6.064442,529.030547,0.607138,0.723966
26.42963,72.09368,NEG-AEOL-023,aeolian_sand,arid_aeolian,1.0,0,0.674177,0.738003,0.684541,0.690449,0.114784,1.865804,233.188313,0.334461,0.341691
19.80046,86.12416,NEG-HYDR-012,hydromorphic_saline_alluvium,humid_coastal_lowland,1.0,0,0.840147,0.88492,0.675416,0.868605,0.449483,0.971843,5.0,0.504319,0.516806
18.6347,76.05216,NEG-VERT-012,vertisol_black_cotton,semi_arid_trap,0.95,0,0.946719,1.196444,0.789864,0.97126,0.408911,1.702598,620.719975,0.904866,0.582838
26.62274,79.68234,NEG-QUAT-040,quaternary_alluvium,subhumid_alluvial,1.0,0,0.795101,1.030823,0.736667,0.881136,0.568137,2.222665,139.953633,0.529522,0.682327
25.92197,82.74309,NEG-QUAT-035,quaternary_alluvium,subhumid_alluvial,1.0,0,1.069236,0.900469,0.917371,0.868836,0.564885,1.448653,142.689112,0.418622,0.839641
21.75,85.6,Bamebari Mine,lateritic_gravelly_loam,tropical_wet_dry_supergene,1.0,1,1.606247,1.254041,1.457174,1.570852,0.214239,11.261749,447.735437,1.480961,1.32826
13.19987,77.82993,NEG-CHAR-010,charnockitic_red_loam,semi_arid_peninsular,0.9,0,0.88313,0.952623,0.71339,0.999292,0.437872,6.919158,432.102182,0.791377,0.819941
15.15,76.92,Sandur Mn Belt,lateritic_gravelly_loam,tropical_wet_dry_supergene,1.0,1,1.216244,1.022407,1.184842,1.174093,0.190697,9.473349,639.218893,1.37028,1.445286
12.8471,77.40616,NEG-CHAR-019,charnockitic_red_loam,semi_arid_peninsular,0.9,0,1.127223,0.879013,0.907082,0.936061,0.153016,5.685478,515.103583,0.679229,0.765749
12.99041,78.28074,NEG-CHAR-027,charnockitic_red_loam,semi_arid_peninsular,0.9,0,1.130909,0.692054,0.961297,1.017194,0.30008,7.261464,497.658834,0.648661,0.810463
26.00638,72.65668,NEG-AEOL-045,aeolian_sand,arid_aeolian,1.0,0,0.688958,0.63903,0.532262,0.810396,0.12112,3.4578,185.283204,0.486468,0.36881
20.5301,86.67052,NEG-HYDR-007,hydromorphic_saline_alluvium,humid_coastal_lowland,1.0,0,0.868806,0.829578,0.693357,0.841855,0.410438,0.782895,41.329671,0.249318,0.850573
22.2,78.3,Pandhurna Mn Deposits,lateritic_gravelly_loam,tropical_wet_dry_supergene,1.0,1,1.630673,1.046808,1.113817,1.368984,0.057509,9.276977,310.128842,1.327982,1.536343
25.9558,79.80225,NEG-QUAT-021,quaternary_alluvium,subhumid_alluvial,1.0,0,0.828341,0.922693,0.716143,0.983824,0.518455,3.34666,159.307775,0.482782,0.815027
27.3291,80.56483,NEG-QUAT-038,quaternary_alluvium,subhumid_alluvial,1.0,0,0.889377,0.816069,0.913214,0.902513,0.573284,1.937912,127.035615,0.562158,0.93377
23.86974,78.42246,NEG-AREN-047,arenaceous_sandstone_soil,semi_arid_plateau,0.92,0,0.867064,1.141117,0.910864,0.908005,0.719811,4.541048,529.63224,0.778111,0.635135
19.9904,86.46898,NEG-HYDR-033,hydromorphic_saline_alluvium,humid_coastal_lowland,1.0,0,0.862082,0.867468,0.645821,0.622829,0.532275,1.095127,30.860023,0.369417,0.570148
24.23434,78.97821,NEG-AREN-020,arenaceous_sandstone_soil,semi_arid_plateau,0.92,0,0.881577,0.888932,0.816033,0.975607,0.376796,2.228826,401.435989,0.588762,0.819508
12.15318,77.34743,NEG-CHAR-008,charnockitic_red_loam,semi_arid_peninsular,0.9,0,1.060851,0.969594,0.996658,0.801758,0.326982,4.808827,471.292997,0.48824,0.83751
24.09417,77.44907,NEG-AREN-032,arenaceous_sandstone_soil,semi_arid_plateau,0.92,0,1.14477,0.930353,0.928629,1.054055,0.414597,5.684202,425.793109,0.6983,0.733931
22.42,73.6,Panchmahal Mn Belt,lateritic_gravelly_loam,tropical_wet_dry_supergene,1.0,1,1.35273,1.395437,1.307333,1.389658,0.10068,12.955151,413.719255,1.48747,1.207563
27.52765,71.74947,NEG-AEOL-001,aeolian_sand,arid_aeolian,1.0,0,0.635378,0.696475,0.661716,0.723805,0.122501,2.005005,262.14968,0.247215,0.32555
19.80918,86.52072,NEG-HYDR-000,hydromorphic_saline_alluvium,humid_coastal_lowland,1.0,0,0.913246,0.973652,0.798788,0.72144,0.480715,1.05089,24.712238,0.412374,0.514018
27.44216,82.37351,NEG-QUAT-049,quaternary_alluvium,subhumid_alluvial,1.0,0,0.958109,0.880807,0.760833,0.904531,0.290089,2.228713,188.34058,0.514656,0.660622
26.87936,72.858,NEG-AEOL-042,aeolian_sand,arid_aeolian,1.0,0,0.64437,0.66791,0.431864,0.714438,0.106577,2.125726,215.279882,0.334557,0.271039
12.86572,77.88243,NEG-CHAR-006,charnockitic_red_loam,semi_arid_peninsular,0.9,0,1.131298,0.952024,0.857229,0.944648,0.405472,7.623641,394.378136,0.553697,0.724288
20.01205,86.67243,NEG-HYDR-021,hydromorphic_saline_alluvium,humid_coastal_lowland,1.0,0,0.640367,0.952979,0.643868,0.676649,0.282878,0.241006,33.526217,0.268865,0.475036
19.05957,76.2694,NEG-VERT-022,vertisol_black_cotton,semi_arid_trap,0.95,0,1.061392,1.042471,1.001863,1.061462,0.39898,1.164031,510.715003,0.795029,0.721701
26.42337,71.67983,NEG-AEOL-017,aeolian_sand,arid_aeolian,1.0,0,0.605003,0.768209,0.612628,0.667262,0.080638,3.736567,253.180988,0.293342,0.290928
20.13751,86.07855,NEG-HYDR-045,hydromorphic_saline_alluvium,humid_coastal_lowland,1.0,0,1.064702,1.058779,0.847287,0.687772,0.970247,0.200671,19.422956,0.330011,0.812689
21.52,79.3,Kandri Mn Mines,lateritic_gravelly_loam,tropical_wet_dry_supergene,1.0,1,1.447238,1.020203,1.382814,1.518443,0.114521,5.929336,421.497995,1.298841,1.322728
24.27706,77.31561,NEG-AREN-034,arenaceous_sandstone_soil,semi_arid_plateau,0.92,0,0.937611,1.030874,0.826006,0.792234,0.276485,7.167559,374.147495,0.960897,0.874063
25.68549,78.93522,NEG-QUAT-013,quaternary_alluvium,subhumid_alluvial,1.0,0,0.823557,0.866571,0.906771,0.802236,0.882441,0.708198,180.642456,0.666013,0.74908
19.02133,75.73149,NEG-VERT-046,vertisol_black_cotton,semi_arid_trap,0.95,0,0.920497,1.049963,0.993466,1.076333,0.406806,0.9796,523.174293,0.665931,0.561676
19.03156,76.32827,NEG-VERT-003,vertisol_black_cotton,semi_arid_trap,0.95,0,0.956293,0.92243,1.020423,1.193858,0.62305,2.468224,484.945422,0.815766,0.886129
24.3424,78.13834,NEG-AREN-028,arenaceous_sandstone_soil,semi_arid_plateau,0.92,0,0.949751,0.93431,1.204832,0.987106,0.312055,4.463811,466.376189,0.557403,0.792676
27.19499,81.21677,NEG-QUAT-014,quaternary_alluvium,subhumid_alluvial,1.0,0,0.823364,0.922174,1.086462,0.994172,0.537044,0.760199,135.986642,0.625073,0.703831
20.446,85.99041,NEG-HYDR-037,hydromorphic_saline_alluvium,humid_coastal_lowland,1.0,0,0.995042,0.782636,0.750995,0.974276,0.279059,1.394207,5.0,0.390992,0.632747
21.15,79.42,Tumsar Mn Belt,lateritic_gravelly_loam,tropical_wet_dry_supergene,1.0,1,1.511887,0.778364,1.03315,1.318117,0.142952,7.073741,451.747981,1.193936,1.271847
19.52993,75.36134,NEG-VERT-038,vertisol_black_cotton,semi_arid_trap,0.95,0,0.938388,1.106842,1.01977,1.137622,0.32123,2.927615,523.580907,0.707559,0.774801
12.33059,77.25166,NEG-CHAR-044,charnockitic_red_loam,semi_arid_peninsular,0.9,0,0.812539,0.990893,0.830177,0.885165,0.157662,6.754204,408.751272,0.817939,0.849953
19.60766,75.31055,NEG-VERT-040,vertisol_black_cotton,semi_arid_trap,0.95,0,0.835597,0.960793,1.040952,0.895775,0.269159,3.177118,506.727463,0.628695,0.747385
19.10991,74.91896,NEG-VERT-037,vertisol_black_cotton,semi_arid_trap,0.95,0,0.982581,0.795101,1.01032,0.890749,0.556533,1.429776,401.530122,0.870639,0.621494
19.76843,75.79027,NEG-VERT-001,vertisol_black_cotton,semi_arid_trap,0.95,0,0.963659,1.145707,0.910442,0.797898,0.422564,3.150219,616.28913,0.804751,1.083571
26.72187,71.58795,NEG-AEOL-003,aeolian_sand,arid_aeolian,1.0,0,0.588328,0.678266,0.554001,0.79238,0.112874,3.404845,201.133402,0.260388,0.128219
19.91651,75.95144,NEG-VERT-044,vertisol_black_cotton,semi_arid_trap,0.95,0,1.24514,1.135904,0.918697,1.082687,0.49011,5.255476,398.234692,0.661478,0.799544
18.81637,76.3808,NEG-VERT-009,vertisol_black_cotton,semi_arid_trap,0.95,0,1.082651,1.185296,0.828964,0.993993,0.664642,4.74546,585.292216,0.737889,0.856763
27.49508,80.79287,NEG-QUAT-043,quaternary_alluvium,subhumid_alluvial,1.0,0,1.120399,0.960664,1.014638,0.832486,0.632614,2.413795,116.159848,0.629812,0.692475
20.50241,86.74695,NEG-HYDR-016,hydromorphic_saline_alluvium,humid_coastal_lowland,1.0,0,0.769476,0.919881,0.973199,0.830915,0.632294,0.434101,26.162462,0.282344,0.592889
20.85,86.25,Sukinda Mn Zone,lateritic_gravelly_loam,tropical_wet_dry_supergene,1.0,1,1.513703,1.214624,1.572207,1.383565,0.124165,14.668385,396.08301,1.147233,1.476153
12.89569,77.82497,NEG-CHAR-029,charnockitic_red_loam,semi_arid_peninsular,0.9,0,1.049703,0.711829,0.945344,0.951546,0.624278,2.596219,373.538556,0.570752,0.704054
27.74419,72.88955,NEG-AEOL-000,aeolian_sand,arid_aeolian,1.0,0,0.66396,0.565126,0.557192,0.571473,0.020109,0.62839,213.942053,0.265305,0.176412
15.5,76.8,Koppal Mn Deposits,lateritic_gravelly_loam,tropical_wet_dry_supergene,1.0,1,1.456523,1.213269,1.270884,1.336485,0.26743,11.039349,633.5227,0.997954,1.241552
20.24026,85.85059,NEG-HYDR-048,hydromorphic_saline_alluvium,humid_coastal_lowland,1.0,0,0.632899,0.87738,0.817331,0.73257,0.582233,0.288625,33.637047,0.244639,0.623831
26.87415,71.82062,NEG-AEOL-002,aeolian_sand,arid_aeolian,1.0,0,0.753585,0.722874,0.638546,0.855177,0.063423,1.958805,102.024627,0.461515,0.22786
21.45,79.1,Nagpur District Mn,lateritic_gravelly_loam,tropical_wet_dry_supergene,1.0,1,1.191838,1.404927,1.537681,1.439499,0.025206,11.666416,427.716481,1.196092,1.445205
20.50298,86.63167,NEG-HYDR-014,hydromorphic_saline_alluvium,humid_coastal_lowland,1.0,0,0.636741,0.976716,0.825936,1.005101,0.559021,0.1,12.458185,0.406467,0.685556
26.76984,71.5145,NEG-AEOL-048,aeolian_sand,arid_aeolian,1.0,0,0.798465,0.523226,0.620305,0.777589,0.141759,4.733229,220.489041,0.407808,0.352703
24.48057,78.30277,NEG-AREN-022,arenaceous_sandstone_soil,semi_arid_plateau,0.92,0,1.143768,1.029605,1.039336,0.905214,0.177385,6.362265,392.234655,0.676624,0.756341
20.58733,85.89842,NEG-HYDR-041,hydromorphic_saline_alluvium,humid_coastal_lowland,1.0,0,0.810709,0.943275,0.677814,0.80685,0.549527,0.761322,13.845553,0.478662,0.837264
21.95,79.15,Ramtek Mn Deposits,lateritic_gravelly_loam,tropical_wet_dry_supergene,1.0,1,1.283801,1.392825,1.482282,0.942415,0.079104,7.974559,511.906293,1.386388,1.376928
26.81088,80.28034,NEG-QUAT-037,quaternary_alluvium,subhumid_alluvial,1.0,0,1.003628,0.860108,0.79788,0.797711,0.526162,1.492807,157.70424,0.447269,0.850652
13.12946,77.55885,NEG-CHAR-013,charnockitic_red_loam,semi_arid_peninsular,0.9,0,1.110053,1.120117,1.025357,1.022261,0.474139,5.541454,367.854808,0.834726,1.009037
27.28436,78.89122,NEG-QUAT-003,quaternary_alluvium,subhumid_alluvial,1.0,0,1.137695,0.953523,0.91567,0.961636,0.549644,2.15736,144.546907,0.500622,0.935898
19.86852,86.28599,NEG-HYDR-017,hydromorphic_saline_alluvium,humid_coastal_lowland,1.0,0,0.866472,0.926701,0.868202,0.815033,0.554995,0.768218,6.693753,0.396903,0.536312
19.03948,76.24163,NEG-VERT-039,vertisol_black_cotton,semi_arid_trap,0.95,0,1.065218,0.950042,1.060005,1.062416,0.433651,3.319759,551.222596,0.52385,0.670318
26.76244,71.91502,NEG-AEOL-044,aeolian_sand,arid_aeolian,1.0,0,0.708101,0.707621,0.642854,0.619631,0.085338,1.955559,186.570148,0.34636,0.237401
15.4,74.0,North Goa Mn Occurrences,lateritic_gravelly_loam,tropical_wet_dry_supergene,1.0,1,1.571437,1.313174,1.457547,1.4779,0.072386,6.925305,516.730514,1.763062,1.190467
26.28338,72.94117,NEG-AEOL-014,aeolian_sand,arid_aeolian,1.0,0,0.703213,0.651169,0.624701,0.653276,0.005266,1.302168,170.466523,0.309858,0.208948
12.39973,77.86703,NEG-CHAR-030,charnockitic_red_loam,semi_arid_peninsular,0.9,0,0.917538,0.973747,0.870066,1.111851,0.325935,4.695345,313.976263,0.758825,0.77543
19.35383,76.02303,NEG-VERT-035,vertisol_black_cotton,semi_arid_trap,0.95,0,1.089051,1.116301,0.929187,1.003918,0.353764,5.922998,590.071664,0.793074,0.661986
21.7,85.3,Joda Mine Complex,lateritic_gravelly_loam,tropical_wet_dry_supergene,1.0,1,1.204111,1.127059,1.3008,1.500643,0.068277,14.319759,435.21569,1.078211,1.262962
12.7102,78.60622,NEG-CHAR-011,charnockitic_red_loam,semi_arid_peninsular,0.9,0,0.689778,0.86731,0.874105,0.926751,0.334465,3.332976,372.501252,0.8603,0.953639
25.62706,80.21729,NEG-QUAT-047,quaternary_alluvium,subhumid_alluvial,1.0,0,0.825816,1.07539,0.70165,0.838539,0.763527,0.1,175.865355,0.394651,0.7456
19.8968,86.0247,NEG-HYDR-027,hydromorphic_saline_alluvium,humid_coastal_lowland,1.0,0,0.83198,1.08972,0.69894,0.793098,0.595242,0.674111,12.66899,0.39408,0.659351
25.68182,78.71202,NEG-QUAT-044,quaternary_alluvium,subhumid_alluvial,1.0,0,1.028406,0.855695,0.830596,0.952294,0.526597,1.433248,149.23486,0.450416,0.680031
25.55307,79.39477,NEG-QUAT-006,quaternary_alluvium,subhumid_alluvial,1.0,0,0.984073,0.84049,1.008192,0.94173,0.371284,1.854724,157.527537,0.596216,0.875885
26.97595,72.62196,NEG-AEOL-011,aeolian_sand,arid_aeolian,1.0,0,0.690686,0.623379,0.595462,0.621513,0.050142,2.841403,240.763291,0.280691,0.205705
23.95589,78.33358,NEG-AREN-010,arenaceous_sandstone_soil,semi_arid_plateau,0.92,0,1.041746,0.894824,0.815181,0.981799,0.342971,1.845909,486.174109,0.781521,0.824498
27.14163,71.89598,NEG-AEOL-041,aeolian_sand,arid_aeolian,1.0,0,0.730483,0.722185,0.647217,0.771303,0.14624,2.596592,262.012671,0.389876,0.229717
12.71246,78.55762,NEG-CHAR-012,charnockitic_red_loam,semi_arid_peninsular,0.9,0,0.864603,1.04966,0.751748,1.21466,0.501861,4.612921,424.087675,0.890163,0.715915
24.0205,78.82213,NEG-AREN-001,arenaceous_sandstone_soil,semi_arid_plateau,0.92,0,0.860777,0.884205,0.908584,0.879224,0.401541,4.499079,354.891428,0.872366,0.666872
26.34384,78.63409,NEG-QUAT-004,quaternary_alluvium,subhumid_alluvial,1.0,0,0.812328,0.987612,0.857177,0.961773,0.463344,0.669994,120.950544,0.45164,0.8125
20.59612,86.44988,NEG-HYDR-025,hydromorphic_saline_alluvium,humid_coastal_lowland,1.0,0,0.802004,0.996143,0.838808,0.90406,0.628086,1.192176,36.547795,0.348331,0.623812
27.07013,72.42907,NEG-AEOL-019,aeolian_sand,arid_aeolian,1.0,0,0.57359,0.70334,0.589361,0.732124,0.101099,0.877488,189.308032,0.292052,0.218944
25.84228,81.78107,NEG-QUAT-028,quaternary_alluvium,subhumid_alluvial,1.0,0,0.956702,0.834458,0.88519,0.751151,0.248285,2.244997,91.260893,0.464008,0.618264
21.32,78.95,Mansar Mn Deposits,lateritic_gravelly_loam,tropical_wet_dry_supergene,1.0,1,1.154581,1.16416,1.274379,1.596866,0.175961,9.286085,510.461012,1.516318,1.369356
26.1442,71.77874,NEG-AEOL-015,aeolian_sand,arid_aeolian,1.0,0,0.687495,0.761488,0.809167,0.752843,0.150827,3.611919,282.442929,0.232785,0.183187
19.87754,86.23105,NEG-HYDR-038,hydromorphic_saline_alluvium,humid_coastal_lowland,1.0,0,0.845052,0.753054,0.720705,0.886734,0.440181,1.066596,5.0,0.350636,0.752344
12.79023,77.98388,NEG-CHAR-035,charnockitic_red_loam,semi_arid_peninsular,0.9,0,1.025021,0.981931,1.144567,1.155616,0.25724,7.099377,370.78047,0.677889,0.821673
21.9,79.5,Katangi Mn Belt,lateritic_gravelly_loam,tropical_wet_dry_supergene,1.0,1,1.551686,1.061903,1.412298,1.514323,0.204921,9.46365,525.204734,1.260384,1.457647
21.67,80.34,Bharweli Mine,lateritic_gravelly_loam,tropical_wet_dry_supergene,1.0,1,1.436358,1.023988,1.405267,1.452275,0.111547,7.623112,450.588423,1.158098,1.522886
19.033,75.49427,NEG-VERT-041,vertisol_black_cotton,semi_arid_trap,0.95,0,0.904607,1.007259,1.087388,1.044353,0.486429,6.230075,496.589295,0.624886,0.864427
26.97294,81.54515,NEG-QUAT-002,quaternary_alluvium,subhumid_alluvial,1.0,0,1.019628,0.917311,0.740786,1.043915,0.630619,0.363873,185.097922,0.375902,0.711737
18.91141,76.1882,NEG-VERT-018,vertisol_black_cotton,semi_arid_trap,0.95,0,0.905203,1.009839,0.850003,0.912536,0.486912,4.030264,567.15487,0.860158,0.74273
22.14,78.62,Sausar Group Deposits,lateritic_gravelly_loam,tropical_wet_dry_supergene,1.0,1,1.392783,1.295341,1.613078,1.581834,0.250524,13.766377,528.435925,1.110146,1.425703
27.47905,81.38,NEG-QUAT-030,quaternary_alluvium,subhumid_alluvial,1.0,0,0.961292,0.955421,0.822002,0.877473,0.608265,2.355978,82.599648,0.54181,0.703931
19.97361,75.71157,NEG-VERT-025,vertisol_black_cotton,semi_arid_trap,0.95,0,0.925904,1.123188,0.910554,0.907506,0.3077,4.006338,519.247129,0.61992,0.6959
12.78166,77.69728,NEG-CHAR-048,charnockitic_red_loam,semi_arid_peninsular,0.9,0,0.978099,0.994566,0.814034,1.058573,0.26464,10.201038,344.719771,0.585185,0.84134
12.67116,77.24854,NEG-CHAR-000,charnockitic_red_loam,semi_arid_peninsular,0.9,0,0.891714,1.041039,1.15617,0.953486,0.404188,3.060929,419.997689,0.851808,0.918367
20.95,86.1,Jajpur Mn District,lateritic_gravelly_loam,tropical_wet_dry_supergene,1.0,1,1.235324,1.436427,1.52593,1.507546,0.087263,10.429976,387.272044,1.425465,1.282023
20.28718,85.95284,NEG-HYDR-009,hydromorphic_saline_alluvium,humid_coastal_lowland,1.0,0,0.626504,1.01262,0.799145,0.907848,0.503658,0.894233,41.729892,0.43878,0.6788
20.15048,86.31758,NEG-HYDR-026,hydromorphic_saline_alluvium,humid_coastal_lowland,1.0,0,1.171439,0.9031,0.796919,0.973403,0.423399,0.279501,5.0,0.453366,0.712563
12.35163,78.21591,NEG-CHAR-001,charnockitic_red_loam,semi_arid_peninsular,0.9,0,1.088979,0.801108,1.060703,1.143672,0.366376,4.271646,474.047662,0.724057,0.890617
27.17716,71.51173,NEG-AEOL-034,aeolian_sand,arid_aeolian,1.0,0,0.633113,0.66603,0.540877,0.750502,0.101209,2.381422,254.839961,0.195479,0.301476
18.7782,75.51476,NEG-VERT-043,vertisol_black_cotton,semi_arid_trap,0.95,0,0.983927,1.094196,1.083844,0.896785,0.543668,3.723336,522.114262,0.801165,0.655297
11.82853,77.47429,NEG-CHAR-014,charnockitic_red_loam,semi_arid_peninsular,0.9,0,1.071293,0.956766,1.064353,0.973983,0.329136,5.013204,415.250577,0.539124,0.798665
23.95735,77.5723,NEG-AREN-036,arenaceous_sandstone_soil,semi_arid_plateau,0.92,0,1.152116,0.939759,0.835545,1.085912,0.120518,0.1,419.667976,0.701711,0.844244
27.50074,72.55531,NEG-AEOL-032,aeolian_sand,arid_aeolian,1.0,0,0.648577,0.66796,0.524114,0.717565,0.015387,2.320909,253.078966,0.17947,0.21865
22.65,86.15,Chaibasa Mn Deposits,lateritic_gravelly_loam,tropical_wet_dry_supergene,1.0,1,1.506103,1.436856,1.099366,1.481185,0.041124,5.491597,500.76443,1.453546,1.223497
19.95856,75.10357,NEG-VERT-027,vertisol_black_cotton,semi_arid_trap,0.95,0,1.066283,1.150614,0.971755,1.227201,0.472693,0.1,498.235018,0.658977,0.759585
19.63873,75.94007,NEG-VERT-036,vertisol_black_cotton,semi_arid_trap,0.95,0,1.041616,1.008374,0.81981,1.129975,0.471681,2.292669,570.973724,0.81427,0.906731
26.66515,71.73662,NEG-AEOL-031,aeolian_sand,arid_aeolian,1.0,0,0.635575,0.742391,0.595299,0.792404,0.072302,0.1,241.767699,0.177267,0.236971
27.33422,72.32752,NEG-AEOL-047,aeolian_sand,arid_aeolian,1.0,0,0.715345,0.647896,0.516177,0.610742,0.046216,2.20227,304.424989,0.376727,0.221668
14.75,76.25,Holalkere Mn Zone,lateritic_gravelly_loam,tropical_wet_dry_supergene,1.0,1,1.58382,1.028471,1.449603,1.388458,0.158906,12.434618,564.225499,1.472162,1.318883
12.09697,78.6361,NEG-CHAR-046,charnockitic_red_loam,semi_arid_peninsular,0.9,0,1.289416,0.916531,1.092301,1.077651,0.215622,7.193369,335.167136,0.412161,0.913865
20.04601,85.85793,NEG-HYDR-015,hydromorphic_saline_alluvium,humid_coastal_lowland,1.0,0,0.956895,0.925203,0.753898,0.958368,0.605424,0.472067,35.972995,0.275671,0.594103
26.90513,72.77908,NEG-AEOL-013,aeolian_sand,arid_aeolian,1.0,0,0.63591,0.503999,0.544044,0.797786,0.036087,1.839962,181.951316,0.389249,0.250072
21.3,85.8,Gua Mn Deposits,lateritic_gravelly_loam,tropical_wet_dry_supergene,1.0,1,1.458519,1.205204,1.152636,1.24469,0.206981,9.999077,481.464101,0.917237,1.453213
23.77196,78.34779,NEG-AREN-027,arenaceous_sandstone_soil,semi_arid_plateau,0.92,0,0.940724,1.189014,0.878709,1.003392,0.472453,2.273251,489.819034,0.602574,0.961801
21.72,80.25,Waraseoni Mn Area,lateritic_gravelly_loam,tropical_wet_dry_supergene,1.0,1,1.506913,1.289389,1.224129,1.382097,0.163993,3.0833,431.895042,1.49133,1.167818
19.85537,86.5606,NEG-HYDR-018,hydromorphic_saline_alluvium,humid_coastal_lowland,1.0,0,0.977898,0.857168,0.812326,0.685234,0.578125,1.031364,42.045609,0.535407,0.775352
21.82,85.42,Keonjhar Mn Deposits,lateritic_gravelly_loam,tropical_wet_dry_supergene,1.0,1,1.413427,1.048337,1.551802,1.185256,0.104903,12.77988,461.613462,1.583029,1.319514
21.63,85.58,Joda–Barbil Mn Belt,lateritic_gravelly_loam,tropical_wet_dry_supergene,1.0,1,1.109589,1.181464,1.36785,1.35689,0.252996,9.333356,348.849162,1.425351,1.182278
20.13886,86.26702,NEG-HYDR-039,hydromorphic_saline_alluvium,humid_coastal_lowland,1.0,0,1.019989,0.947009,0.639672,0.907939,0.80431,0.1,38.546103,0.448403,0.667568
26.36767,72.57429,NEG-AEOL-022,aeolian_sand,arid_aeolian,1.0,0,0.747466,0.719351,0.58763,0.812879,0.026019,4.850276,316.384361,0.225109,0.249676
22.45,78.1,Betul Mn Occurrences,lateritic_gravelly_loam,tropical_wet_dry_supergene,1.0,1,1.607177,1.151261,1.314015,1.347572,0.233398,8.07311,464.410464,1.43563,1.295088
25.93728,80.7741,NEG-QUAT-005,quaternary_alluvium,subhumid_alluvial,1.0,0,0.853357,0.815845,0.712992,0.80202,0.309123,0.945811,163.509666,0.52541,0.677337
25.65958,79.54756,NEG-QUAT-022,quaternary_alluvium,subhumid_alluvial,1.0,0,0.838198,0.850661,0.727331,0.796412,0.650011,0.33585,150.779213,0.458195,1.002794
19.16336,75.30261,NEG-VERT-042,vertisol_black_cotton,semi_arid_trap,0.95,0,0.824369,1.101263,0.90995,0.895176,0.437826,3.780052,439.832113,0.786891,0.818917
19.85849,75.15713,NEG-VERT-005,vertisol_black_cotton,semi_arid_trap,0.95,0,1.197136,1.012903,1.126453,0.95835,0.162879,4.441572,513.880734,0.642941,0.873324
22.06,78.94,Chhindwara Mn Belt,lateritic_gravelly_loam,tropical_wet_dry_supergene,1.0,1,1.304539,1.362364,1.326768,1.555058,0.194358,11.856088,403.077394,1.48876,1.322611
12.76686,78.32904,NEG-CHAR-025,charnockitic_red_loam,semi_arid_peninsular,0.9,0,1.240271,1.002654,1.030135,0.908213,0.32314,4.41278,326.361917,0.539567,0.808056
26.03396,82.71495,NEG-QUAT-026,quaternary_alluvium,subhumid_alluvial,1.0,0,0.932213,0.970207,1.002881,0.879966,0.645323,1.469828,141.269464,0.545707,0.553227
20.1545,86.66135,NEG-HYDR-047,hydromorphic_saline_alluvium,humid_coastal_lowland,1.0,0,0.856636,0.856174,0.687016,0.611301,0.466853,0.1,38.051847,0.376069,0.481793
19.8655,75.7275,NEG-VERT-000,vertisol_black_cotton,semi_arid_trap,0.95,0,0.959177,1.163045,0.878614,0.949066,0.355698,3.269103,392.517472,0.734999,0.724191
19.71348,75.18691,NEG-VERT-020,vertisol_black_cotton,semi_arid_trap,0.95,0,1.394454,1.056569,0.895325,1.088732,0.381276,3.956016,454.441303,0.911075,0.717233
24.00211,78.64255,NEG-AREN-019,arenaceous_sandstone_soil,semi_arid_plateau,0.92,0,1.045042,1.074559,0.903459,0.999982,0.462112,5.7019,332.792161,0.701778,0.716009
14.45,75.8,Honnali Mn Belt,lateritic_gravelly_loam,tropical_wet_dry_supergene,1.0,1,1.260741,1.129225,1.534556,1.707384,0.348436,10.002074,554.515587,1.224273,1.512898
26.02976,79.60982,NEG-QUAT-039,quaternary_alluvium,subhumid_alluvial,1.0,0,0.786162,0.918303,0.817733,1.095,0.408132,2.591497,209.100888,0.503323,0.80655
19.13927,75.7802,NEG-VERT-032,vertisol_black_cotton,semi_arid_trap,0.95,0,0.855354,1.070297,0.924197,0.696246,0.449845,4.1393,392.996796,0.58465,0.705071
18.12,83.42,Vizianagaram Mn Belt,lateritic_gravelly_loam,tropical_wet_dry_supergene,1.0,1,1.295331,1.177109,1.1867,1.238586,0.164521,8.536632,248.591964,1.327845,1.374864
20.59943,86.63603,NEG-HYDR-049,hydromorphic_saline_alluvium,humid_coastal_lowland,1.0,0,0.834573,1.006154,0.7903,0.888903,0.66965,0.1,38.829927,0.578282,0.552747
27.52299,71.63845,NEG-AEOL-043,aeolian_sand,arid_aeolian,1.0,0,0.71745,0.651424,0.689675,0.741599,0.053228,4.075068,197.165959,0.308934,0.311416
27.72317,72.99313,NEG-AEOL-007,aeolian_sand,arid_aeolian,1.0,0,0.876275,0.638988,0.720407,0.717603,0.016702,1.353774,179.761462,0.279735,0.224993
26.90914,78.70621,NEG-QUAT-020,quaternary_alluvium,subhumid_alluvial,1.0,0,0.942795,1.077769,0.926472,1.185306,0.51592,2.310328,168.648526,0.670657,0.722128
19.44869,75.66942,NEG-VERT-031,vertisol_black_cotton,semi_arid_trap,0.95,0,1.141431,1.259198,0.863502,0.971764,0.460517,2.717397,454.356695,0.941601,0.757035
21.38,85.65,Gurumahisani Mn,lateritic_gravelly_loam,tropical_wet_dry_supergene,1.0,1,1.657455,1.14882,1.306866,1.563485,0.123518,7.053961,391.805329,1.398174,1.240066
20.23144,86.52993,NEG-HYDR-023,hydromorphic_saline_alluvium,humid_coastal_lowland,1.0,0,0.858807,0.694271,0.724188,0.781969,0.458483,0.303207,11.747431,0.407052,0.798706
23.55,74.45,Banswara Mn Belt,lateritic_gravelly_loam,tropical_wet_dry_supergene,1.0,1,1.156252,1.181324,1.496328,1.480202,0.132499,8.622506,405.795713,1.345851,1.057625
26.49023,72.40724,NEG-AEOL-039,aeolian_sand,arid_aeolian,1.0,0,0.662737,0.524033,0.766195,0.765812,0.048471,3.465853,362.432375,0.270154,0.327957
20.13851,86.0118,NEG-HYDR-022,hydromorphic_saline_alluvium,humid_coastal_lowland,1.0,0,0.886251,0.89633,0.669409,0.744407,0.47261,0.1,32.956928,0.367827,0.695924
26.1805,79.19966,NEG-QUAT-011,quaternary_alluvium,subhumid_alluvial,1.0,0,0.898077,1.249827,0.697699,0.826694,0.648729,3.722621,105.341159,0.702921,0.668297
24.04381,77.63917,NEG-AREN-012,arenaceous_sandstone_soil,semi_arid_plateau,0.92,0,1.155204,0.958293,1.2076,1.213838,0.289319,10.658543,330.067291,0.642366,1.018869
19.82103,76.25961,NEG-VERT-017,vertisol_black_cotton,semi_arid_trap,0.95,0,0.951826,1.009451,0.965676,1.029774,0.446462,2.157745,534.767014,0.810117,0.930399
21.81,80.19,Balaghat Mn District,lateritic_gravelly_loam,tropical_wet_dry_supergene,1.0,1,1.432506,1.044583,1.344547,1.308293,0.245522,4.336021,498.583988,1.210845,1.472647
23.91842,77.21061,NEG-AREN-040,arenaceous_sandstone_soil,semi_arid_plateau,0.92,0,1.092539,0.974126,1.000593,0.959574,0.474609,4.090821,478.496321,0.687029,0.547069
24.155,78.91007,NEG-AREN-021,arenaceous_sandstone_soil,semi_arid_plateau,0.92,0,0.938361,1.116924,1.114305,1.012546,0.362355,3.462454,470.444872,0.749485,0.7123
11.94775,78.92942,NEG-CHAR-033,charnockitic_red_loam,semi_arid_peninsular,0.9,0,1.079398,1.085619,0.825416,0.977579,0.444899,5.790057,386.357192,0.616559,0.768973
27.22341,81.09808,NEG-QUAT-019,quaternary_alluvium,subhumid_alluvial,1.0,0,0.978523,0.992912,0.877864,0.783578,0.397402,2.173142,95.05103,0.542636,0.72392
18.95661,76.00493,NEG-VERT-033,vertisol_black_cotton,semi_arid_trap,0.95,0,0.967733,1.082937,1.151162,1.01177,0.36452,0.847931,558.417881,0.865037,0.840738
24.48693,78.53858,NEG-AREN-025,arenaceous_sandstone_soil,semi_arid_plateau,0.92,0,1.139914,1.002426,0.783607,0.994606,0.453482,5.786225,380.553885,0.672396,0.860246
27.00038,72.57761,NEG-AEOL-008,aeolian_sand,arid_aeolian,1.0,0,0.821703,0.760419,0.708169,0.731698,0.038989,1.178848,235.407267,0.403327,0.273721
27.2917,71.8054,NEG-AEOL-040,aeolian_sand,arid_aeolian,1.0,0,0.764888,0.559876,0.518451,0.789591,0.078614,0.923575,284.108371,0.340643,0.427088
27.41443,80.01468,NEG-QUAT-012,quaternary_alluvium,subhumid_alluvial,1.0,0,1.065,0.98467,0.863378,0.94323,0.535629,0.305083,191.738495,0.547486,0.484529
27.1941,72.9084,NEG-AEOL-036,aeolian_sand,arid_aeolian,1.0,0,0.669158,0.613701,0.73828,0.696476,0.139496,0.590176,186.210694,0.405368,0.210687
23.71388,78.45344,NEG-AREN-011,arenaceous_sandstone_soil,semi_arid_plateau,0.92,0,0.872964,0.892066,0.848821,1.064719,0.536543,0.708778,396.73788,0.681709,0.829041
19.73505,75.25357,NEG-VERT-015,vertisol_black_cotton,semi_arid_trap,0.95,0,1.139991,1.093183,0.880424,0.857692,0.181035,2.831999,521.080741,0.84139,0.742223
21.9,85.15,Champua Mn Deposits,lateritic_gravelly_loam,tropical_wet_dry_supergene,1.0,1,1.751793,1.209293,1.262665,1.488507,0.062355,10.931178,311.154189,1.454653,1.328001
26.13187,71.81973,NEG-AEOL-028,aeolian_sand,arid_aeolian,1.0,0,0.736846,0.692385,0.535362,0.62811,0.142657,3.093517,210.136836,0.353686,0.274463
24.19623,77.80334,NEG-AREN-004,arenaceous_sandstone_soil,semi_arid_plateau,0.92,0,1.234538,1.072139,0.98934,0.946098,0.629717,3.976593,350.359046,0.53357,0.725136
21.75,80.05,Tirodi Mine,lateritic_gravelly_loam,tropical_wet_dry_supergene,1.0,1,1.321746,1.327156,1.48611,1.627193,0.152238,13.110224,600.558935,1.487441,1.512346
18.60237,76.37348,NEG-VERT-034,vertisol_black_cotton,semi_arid_trap,0.95,0,0.858723,0.998402,0.859866,0.685526,0.408841,6.006408,479.851234,0.761499,0.694595
20.54841,86.37104,NEG-HYDR-035,hydromorphic_saline_alluvium,humid_coastal_lowland,1.0,0,0.800827,0.948531,0.660422,0.917403,0.289749,0.961117,17.627773,0.548914,0.726185
25.94088,81.1517,NEG-QUAT-008,quaternary_alluvium,subhumid_alluvial,1.0,0,0.731584,0.70776,0.769851,0.869777,0.523539,1.627221,180.311821,0.383401,0.579945
12.50835,77.81422,NEG-CHAR-031,charnockitic_red_loam,semi_arid_peninsular,0.9,0,1.030295,0.910292,0.927595,0.92298,0.355751,7.470315,290.138376,0.532936,0.890576
23.96216,78.82871,NEG-AREN-037,arenaceous_sandstone_soil,semi_arid_plateau,0.92,0,1.188089,0.927379,0.788474,0.759866,0.416476,1.451421,594.046314,0.960992,0.844893
23.75439,78.44911,NEG-AREN-033,arenaceous_sandstone_soil,semi_arid_plateau,0.92,0,1.058255,0.93703,1.077015,0.999632,0.38887,7.192887,470.094602,0.935718,0.639949
26.66917,82.5402,NEG-QUAT-041,quaternary_alluvium,subhumid_alluvial,1.0,0,0.884442,0.859609,0.972596,0.870641,0.634326,0.547911,145.754651,0.7497,0.923837
23.96092,78.54553,NEG-AREN-043,arenaceous_sandstone_soil,semi_arid_plateau,0.92,0,0.774576,0.990105,1.039162,0.940791,0.225667,5.656373,428.066034,0.746305,0.802614
24.32606,78.58608,NEG-AREN-014,arenaceous_sandstone_soil,semi_arid_plateau,0.92,0,1.27974,0.849477,0.88048,1.061786,0.482444,1.16683,523.785017,0.505026,0.820704
19.99985,86.72327,NEG-HYDR-046,hydromorphic_saline_alluvium,humid_coastal_lowland,1.0,0,0.819297,0.849238,0.893325,0.565295,0.432306,0.348618,38.123461,0.555042,0.727547
23.71904,77.24397,NEG-AREN-007,arenaceous_sandstone_soil,semi_arid_plateau,0.92,0,1.167434,0.705299,0.959632,0.834036,0.327505,4.738278,427.569968,0.84509,0.60235
12.58956,77.59234,NEG-CHAR-016,charnockitic_red_loam,semi_arid_peninsular,0.9,0,0.899712,0.787131,0.743345,1.120694,0.405539,7.62455,514.816507,0.688178,0.713342
24.40027,78.55205,NEG-AREN-005,arenaceous_sandstone_soil,semi_arid_plateau,0.92,0,1.119015,0.873924,0.796069,0.861951,0.39706,6.984166,424.208705,0.826931,0.830048
24.14249,78.45194,NEG-AREN-038,arenaceous_sandstone_soil,semi_arid_plateau,0.92,0,0.948826,1.249329,1.158525,1.023629,0.263493,0.660135,452.10861,0.649339,0.87137
26.68215,72.97796,NEG-AEOL-004,aeolian_sand,arid_aeolian,1.0,0,0.745843,0.714902,0.7528,0.725138,0.051062,1.575342,269.156343,0.234254,0.293101
14.85,76.1,Kumsi Mn Deposits,lateritic_gravelly_loam,tropical_wet_dry_supergene,1.0,1,1.494271,1.213856,1.214972,1.100259,0.050083,4.509245,606.600266,1.29808,1.209521
23.69348,78.92434,NEG-AREN-016,arenaceous_sandstone_soil,semi_arid_plateau,0.92,0,1.104713,0.964226,0.94571,1.066974,0.525103,0.673787,476.534388,0.462928,0.732618
19.72313,76.26891,NEG-VERT-014,vertisol_black_cotton,semi_arid_trap,0.95,0,1.161457,1.156034,1.029769,1.000029,0.569557,0.726559,497.113352,0.745208,0.983529
12.27647,78.78458,NEG-CHAR-047,charnockitic_red_loam,semi_arid_peninsular,0.9,0,1.123186,1.064227,0.848639,1.269959,0.446053,1.986966,607.628744,0.508771,0.724443
24.01413,77.42973,NEG-AREN-049,arenaceous_sandstone_soil,semi_arid_plateau,0.92,0,0.97192,0.842154,1.003265,1.033212,0.395891,8.366375,289.282467,0.843966,0.729288
23.88693,78.55626,NEG-AREN-041,arenaceous_sandstone_soil,semi_arid_plateau,0.92,0,1.17546,1.159574,1.216186,0.977138,0.217144,4.921437,415.730515,0.468458,0.90091
23.98638,77.58466,NEG-AREN-000,arenaceous_sandstone_soil,semi_arid_plateau,0.92,0,0.889279,1.108621,1.05582,0.96624,0.385063,3.666352,383.408536,1.051797,0.717018
19.96092,86.11172,NEG-HYDR-024,hydromorphic_saline_alluvium,humid_coastal_lowland,1.0,0,0.855534,1.019147,0.741566,0.737146,0.360508,1.396018,35.680045,0.446993,0.49912
24.43879,78.91617,NEG-AREN-042,arenaceous_sandstone_soil,semi_arid_plateau,0.92,0,1.06043,0.981383,0.899432,0.834791,0.372064,2.284147,426.402782,0.687601,0.782803
26.77885,78.61255,NEG-QUAT-000,quaternary_alluvium,subhumid_alluvial,1.0,0,1.028202,0.943395,0.9382,0.96184,0.691144,0.732346,134.461282,0.612199,0.775353
27.25274,79.91605,NEG-QUAT-036,quaternary_alluvium,subhumid_alluvial,1.0,0,1.052581,1.024524,0.831085,1.008051,0.513952,2.460944,233.419399,0.629159,0.98895
27.08416,80.39972,NEG-QUAT-046,quaternary_alluvium,subhumid_alluvial,1.0,0,0.784842,0.895163,0.850702,0.879971,0.602143,1.268702,199.774834,0.618476,0.801347
18.60057,75.28775,NEG-VERT-047,vertisol_black_cotton,semi_arid_trap,0.95,0,0.918534,1.140211,1.030915,1.018927,0.403601,6.020603,478.871441,0.699663,0.846706
12.23674,78.41923,NEG-CHAR-022,charnockitic_red_loam,semi_arid_peninsular,0.9,0,1.063695,1.043786,0.905919,0.842235,0.206739,3.24812,483.394013,0.775072,0.62025
19.88924,86.23477,NEG-HYDR-003,hydromorphic_saline_alluvium,humid_coastal_lowland,1.0,0,0.90339,0.911277,0.675789,1.019078,0.551675,1.213708,63.512882,0.341888,0.610321
20.48934,86.04866,NEG-HYDR-043,hydromorphic_saline_alluvium,humid_coastal_lowland,1.0,0,0.998902,0.789233,0.787397,0.804622,0.636422,1.002695,11.302302,0.497225,0.734515
27.47079,71.94907,NEG-AEOL-035,aeolian_sand,arid_aeolian,1.0,0,0.63592,0.624976,0.602677,0.608053,0.122587,2.111389,226.108491,0.23698,0.226328
20.07047,86.38831,NEG-HYDR-028,hydromorphic_saline_alluvium,humid_coastal_lowland,1.0,0,0.998495,0.994829,0.61826,0.701029,0.596272,0.550939,16.701407,0.313951,0.516893
20.18023,86.3498,NEG-HYDR-020,hydromorphic_saline_alluvium,humid_coastal_lowland,1.0,0,0.859529,0.881973,0.894038,0.793329,0.404179,1.146903,45.19221,0.326426,0.479742
12.45059,78.2986,NEG-CHAR-043,charnockitic_red_loam,semi_arid_peninsular,0.9,0,0.942524,0.80151,1.136994,0.833471,0.334123,7.441748,489.697002,0.618361,0.733863
11.8704,77.88239,NEG-CHAR-004,charnockitic_red_loam,semi_arid_peninsular,0.9,0,0.97822,0.923583,1.119568,0.98144,0.191004,6.368701,502.922631,0.652784,0.904934
26.25707,80.98418,NEG-QUAT-017,quaternary_alluvium,subhumid_alluvial,1.0,0,0.945125,0.82932,0.871082,0.805532,0.461218,0.754992,164.978019,0.538648,0.628032
19.94755,75.25129,NEG-VERT-028,vertisol_black_cotton,semi_arid_trap,0.95,0,0.929617,1.079704,1.005724,0.987947,0.135185,5.816429,652.923377,0.914217,0.83441
27.1468,71.89293,NEG-AEOL-046,aeolian_sand,arid_aeolian,1.0,0,0.773759,0.627665,0.666972,0.60955,0.08487,0.784368,269.260088,0.291636,0.296024
19.51659,75.59048,NEG-VERT-049,vertisol_black_cotton,semi_arid_trap,0.95,0,1.061909,1.029448,1.051199,0.850925,0.368218,2.53242,575.797932,0.731693,0.807002
24.43471,77.33109,NEG-AREN-009,arenaceous_sandstone_soil,semi_arid_plateau,0.92,0,1.063057,0.691927,0.828842,1.013912,0.521747,5.459693,524.861293,0.653405,0.831075
24.22166,77.20998,NEG-AREN-013,arenaceous_sandstone_soil,semi_arid_plateau,0.92,0,0.940024,0.902076,0.840348,0.934806,0.353334,2.766581,422.125992,0.461764,0.867073
20.01346,86.44096,NEG-HYDR-002,hydromorphic_saline_alluvium,humid_coastal_lowland,1.0,0,0.867746,0.964623,0.73365,0.749178,0.637883,0.722748,54.798241,0.259388,0.625264
22.0,84.95,Rajgangpur Mn Area,lateritic_gravelly_loam,tropical_wet_dry_supergene,1.0,1,1.19962,1.109856,1.213601,1.333468,0.202627,6.196371,471.600704,1.158276,1.271337
19.98315,86.70542,NEG-HYDR-031,hydromorphic_saline_alluvium,humid_coastal_lowland,1.0,0,0.981981,0.966204,0.807228,0.863011,0.589117,1.114003,46.054946,0.296155,0.642926
26.13544,72.82466,NEG-AEOL-049,aeolian_sand,arid_aeolian,1.0,0,0.770982,0.739971,0.700225,0.804523,0.05996,0.880336,303.619346,0.319936,0.217079
26.47737,72.67611,NEG-AEOL-005,aeolian_sand,arid_aeolian,1.0,0,0.722861,0.645418,0.740559,0.771213,0.092469,3.149044,241.630381,0.402121,0.108201
12.82731,78.93785,NEG-CHAR-036,charnockitic_red_loam,semi_arid_peninsular,0.9,0,0.859817,0.945608,0.890383,0.885938,0.466796,2.047556,437.388902,0.694915,0.826347
20.4229,86.33035,NEG-HYDR-011,hydromorphic_saline_alluvium,humid_coastal_lowland,1.0,0,0.767082,0.900683,0.902694,0.854352,0.635541,0.759959,5.0,0.353353,0.634932
22.25,84.5,Bonai Mn Belt,lateritic_gravelly_loam,tropical_wet_dry_supergene,1.0,1,1.588241,1.379034,1.407975,1.265825,0.150276,9.28394,420.389505,1.187307,1.375669
27.74368,72.36877,NEG-AEOL-010,aeolian_sand,arid_aeolian,1.0,0,0.717613,0.744351,0.518454,0.609841,0.225851,1.44394,254.379139,0.35502,0.191069
13.14144,77.91398,NEG-CHAR-023,charnockitic_red_loam,semi_arid_peninsular,0.9,0,1.207313,0.942782,0.957938,1.218206,0.269257,3.12719,392.358976,0.515282,0.850342
20.48771,85.87086,NEG-HYDR-032,hydromorphic_saline_alluvium,humid_coastal_lowland,1.0,0,0.897305,0.938332,0.845583,0.886565,0.560644,0.679279,43.30625,0.330334,0.789636
23.94836,78.1767,NEG-AREN-035,arenaceous_sandstone_soil,semi_arid_plateau,0.92,0,0.976845,1.034128,1.159186,0.728224,0.353084,3.311314,556.590922,0.631181,1.120192
19.61996,75.33325,NEG-VERT-030,vertisol_black_cotton,semi_arid_trap,0.95,0,0.856652,1.118446,0.903644,1.03556,0.332183,2.688143,383.287897,0.751899,0.630208
11.96948,78.97092,NEG-CHAR-028,charnockitic_red_loam,semi_arid_peninsular,0.9,0,0.84284,0.959556,0.925438,1.123251,0.190562,5.126226,445.800011,0.643715,0.7316
12.99133,77.52731,NEG-CHAR-045,charnockitic_red_loam,semi_arid_peninsular,0.9,0,0.990509,1.047238,0.895149,1.101675,0.341667,7.99455,422.14428,0.658935,0.642809
24.06975,77.29039,NEG-AREN-017,arenaceous_sandstone_soil,semi_arid_plateau,0.92,0,0.828742,0.991942,0.912706,1.033753,0.28415,3.869036,370.104416,0.715424,0.796002
26.6139,81.58076,NEG-QUAT-031,quaternary_alluvium,subhumid_alluvial,1.0,0,1.126465,0.881192,1.003069,0.814551,0.484853,0.842611,206.683675,0.563699,0.773717
14.6,76.4,Chitradurga Mn District,lateritic_gravelly_loam,tropical_wet_dry_supergene,1.0,1,1.417513,1.068188,1.564466,1.670115,0.137256,10.246412,643.948133,1.335464,1.295979
19.85679,86.4311,NEG-HYDR-030,hydromorphic_saline_alluvium,humid_coastal_lowland,1.0,0,0.80072,0.885411,0.732394,0.872985,0.480604,0.585818,15.597664,0.25005,0.806018
20.34537,86.33697,NEG-HYDR-001,hydromorphic_saline_alluvium,humid_coastal_lowland,1.0,0,0.90086,1.00665,0.72701,0.94572,0.537424,1.526318,24.799398,0.395534,0.597205
26.56912,72.6278,NEG-AEOL-025,aeolian_sand,arid_aeolian,1.0,0,0.726199,0.697999,0.784343,0.823177,0.083598,3.962846,104.117432,0.282377,0.264983
27.10102,72.98085,NEG-AEOL-033,aeolian_sand,arid_aeolian,1.0,0,0.79097,0.713848,0.644955,0.66308,0.048009,4.782353,296.111289,0.424622,0.250636
26.79607,81.24109,NEG-QUAT-027,quaternary_alluvium,subhumid_alluvial,1.0,0,0.886553,1.005469,0.877292,0.907192,0.54652,1.030344,110.786307,0.49576,0.621458
27.58556,72.81891,NEG-AEOL-030,aeolian_sand,arid_aeolian,1.0,0,0.76786,0.747084,0.580741,0.553806,0.095743,2.786119,241.025352,0.213246,0.134936
19.91493,74.99608,NEG-VERT-026,vertisol_black_cotton,semi_arid_trap,0.95,0,1.245387,1.056195,1.010528,0.972218,0.449625,1.199121,486.571793,0.59091,0.671285
11.97671,78.40503,NEG-CHAR-015,charnockitic_red_loam,semi_arid_peninsular,0.9,0,0.914918,0.75128,0.884656,0.914693,0.21393,3.907754,419.092745,0.579563,1.041317
11.82714,78.17095,NEG-CHAR-009,charnockitic_red_loam,semi_arid_peninsular,0.9,0,1.086185,1.073382,0.900594,1.107232,0.487181,1.959285,365.423205,1.029827,0.774766
18.3,83.9,Garbham Mn Deposits,lateritic_gravelly_loam,tropical_wet_dry_supergene,1.0,1,1.457898,1.189956,1.473024,1.240975,0.059577,14.170192,266.911946,1.013133,1.32281
12.98941,78.6802,NEG-CHAR-032,charnockitic_red_loam,semi_arid_peninsular,0.9,0,0.978164,1.028174,0.978526,1.041064,0.392245,4.839031,327.790116,0.582212,0.726246
23.94475,77.49708,NEG-AREN-048,arenaceous_sandstone_soil,semi_arid_plateau,0.92,0,0.839061,1.036708,1.06931,1.073679,0.295828,3.018318,384.810033,0.813548,0.877929
20.1221,86.1393,NEG-HYDR-042,hydromorphic_saline_alluvium,humid_coastal_lowland,1.0,0,1.023891,0.823042,0.757436,0.673932,0.349931,0.72237,19.96441,0.348718,0.496528
20.41001,86.33938,NEG-HYDR-010,hydromorphic_saline_alluvium,humid_coastal_lowland,1.0,0,0.869677,0.891613,0.871487,0.85505,0.362591,0.997846,16.016977,0.553251,0.647041
21.5,85.75,Barbil Mine Area,lateritic_gravelly_loam,tropical_wet_dry_supergene,1.0,1,1.299438,1.163084,1.099856,1.649402,0.309548,4.145711,419.892422,1.344543,1.248687
14.22,75.57,Shimoga Mn Belt,lateritic_gravelly_loam,tropical_wet_dry_supergene,1.0,1,1.574806,1.394641,1.300745,1.792831,0.142622,9.353336,621.788217,1.255555,1.494376
26.2988,79.48694,NEG-QUAT-042,quaternary_alluvium,subhumid_alluvial,1.0,0,1.001664,0.914505,0.859593,0.829223,0.586751,0.435726,150.142648,0.468279,0.816706
24.44241,78.57807,NEG-AREN-039,arenaceous_sandstone_soil,semi_arid_plateau,0.92,0,1.125108,1.036563,0.925292,0.914845,0.338047,4.163408,459.033498,0.611819,0.713599
26.47736,72.89989,NEG-AEOL-029,aeolian_sand,arid_aeolian,1.0,0,0.733874,0.788704,0.818509,0.763456,0.040389,4.190312,197.71699,0.258354,0.275657
19.95217,86.24861,NEG-HYDR-044,hydromorphic_saline_alluvium,humid_coastal_lowland,1.0,0,0.711967,1.000168,0.774637,0.839912,0.421189,1.223214,32.696854,0.363667,0.744528
24.02214,77.66654,NEG-AREN-026,arenaceous_sandstone_soil,semi_arid_plateau,0.92,0,0.680766,0.989854,0.927095,0.9046,0.404809,5.299562,361.043009,0.665657,0.815444
15.0,76.5,Hospet Mn Area,lateritic_gravelly_loam,tropical_wet_dry_supergene,1.0,1,1.442863,1.391748,1.265768,1.657045,0.035662,11.25272,501.823478,1.370049,1.406671
26.24172,71.67314,NEG-AEOL-037,aeolian_sand,arid_aeolian,1.0,0,0.881838,0.683949,0.582652,0.78212,0.081646,2.618005,285.85089,0.40742,0.146072
26.79977,80.95224,NEG-QUAT-007,quaternary_alluvium,subhumid_alluvial,1.0,0,0.945155,0.94836,0.762347,0.75761,0.540642,1.182641,117.388586,0.506263,0.724898
23.77412,78.72701,NEG-AREN-018,arenaceous_sandstone_soil,semi_arid_plateau,0.92,0,1.002111,1.123447,0.936385,1.225644,0.554174,6.328683,361.719655,0.644788,0.71883
18.75176,75.53876,NEG-VERT-029,vertisol_black_cotton,semi_arid_trap,0.95,0,1.089905,1.072623,1.003004,1.013278,0.420142,2.857564,447.02563,0.691415,0.851662
22.1,84.77,Sundargarh Mn Belt,lateritic_gravelly_loam,tropical_wet_dry_supergene,1.0,1,1.353779,1.211597,1.47885,1.507764,0.022015,9.918555,382.722324,1.352414,1.366833
19.98409,86.02022,NEG-HYDR-029,hydromorphic_saline_alluvium,humid_coastal_lowland,1.0,0,0.900941,1.086378,0.729918,0.770506,0.588883,1.280993,9.528637,0.468672,0.716548
11.98998,78.03106,NEG-CHAR-003,charnockitic_red_loam,semi_arid_peninsular,0.9,0,0.981957,0.919079,1.027918,1.05126,0.436098,2.590055,282.21574,0.66872,0.790179
26.7546,72.37551,NEG-AEOL-020,aeolian_sand,arid_aeolian,1.0,0,0.756652,0.618839,0.707123,0.732769,0.050395,3.634035,222.854175,0.264282,0.265052
27.79722,72.99414,NEG-AEOL-027,aeolian_sand,arid_aeolian,1.0,0,0.718823,0.607596,0.705813,0.699268,0.049671,0.395241,261.320869,0.327922,0.257163
22.3,73.85,Shivrajpur Mn Deposits,lateritic_gravelly_loam,tropical_wet_dry_supergene,1.0,1,1.600292,0.871314,1.543073,1.665484,0.061594,13.751362,416.282393,1.214049,1.307833
26.19266,72.32984,NEG-AEOL-038,aeolian_sand,arid_aeolian,1.0,0,0.866212,0.708933,0.654487,0.770854,0.0551,4.297017,318.53103,0.354337,0.202704
12.68982,78.69167,NEG-CHAR-034,charnockitic_red_loam,semi_arid_peninsular,0.9,0,1.128642,0.982416,1.01724,1.136388,0.441101,2.214417,539.2257,0.713513,0.855657
13.03428,77.63895,NEG-CHAR-042,charnockitic_red_loam,semi_arid_peninsular,0.9,0,1.073811,0.984291,1.029754,1.023695,0.355137,2.989597,379.093973,0.64542,0.928838
27.07106,72.51282,NEG-AEOL-016,aeolian_sand,arid_aeolian,1.0,0,0.693049,0.671114,0.640904,0.742709,0.105959,4.869335,170.346833,0.301764,0.284381
20.16298,86.75382,NEG-HYDR-004,hydromorphic_saline_alluvium,humid_coastal_lowland,1.0,0,0.681488,1.094134,0.768389,0.7206,0.636491,0.1,28.183596,0.30085,0.648509
25.702,79.75088,NEG-QUAT-023,quaternary_alluvium,subhumid_alluvial,1.0,0,0.977406,1.029253,0.925246,1.128639,0.558677,1.292265,205.175327,0.51347,0.801821
12.94702,78.9365,NEG-CHAR-020,charnockitic_red_loam,semi_arid_peninsular,0.9,0,0.527527,0.999857,0.931028,0.947812,0.288112,6.186933,256.666538,1.0579,0.946953
27.60252,71.86932,NEG-AEOL-018,aeolian_sand,arid_aeolian,1.0,0,0.749584,0.83203,0.674719,0.628403,0.121083,0.536755,270.003272,0.415848,0.282098
12.17812,78.65476,NEG-CHAR-037,charnockitic_red_loam,semi_arid_peninsular,0.9,0,0.825855,0.972563,0.925229,0.910935,0.056323,1.591902,379.941292,0.815066,1.122847
26.24036,79.44278,NEG-QUAT-025,quaternary_alluvium,subhumid_alluvial,1.0,0,1.025679,0.871174,0.833686,1.028219,0.635931,1.951825,160.714155,0.639929,0.983594
21.87,79.88,Ukwa Mine,lateritic_gravelly_loam,tropical_wet_dry_supergene,1.0,1,1.381536,1.242229,1.420707,1.336812,-0.03541,11.928057,420.985255,1.544324,1.341891
20.17814,86.58462,NEG-HYDR-036,hydromorphic_saline_alluvium,humid_coastal_lowland,1.0,0,0.999742,0.834244,0.893119,0.636837,0.63252,0.681377,39.061474,0.364189,0.718246
23.74259,77.59496,NEG-AREN-045,arenaceous_sandstone_soil,semi_arid_plateau,0.92,0,1.060316,0.992147,0.993121,1.201652,0.301418,7.287507,391.670529,0.824834,1.077369
19.95364,75.27451,NEG-VERT-023,vertisol_black_cotton,semi_arid_trap,0.95,0,0.944201,0.842836,0.969647,0.903914,0.336822,2.907326,479.965863,0.89741,0.892539
20.20047,85.97865,NEG-HYDR-006,hydromorphic_saline_alluvium,humid_coastal_lowland,1.0,0,0.96591,1.151214,0.702923,0.550322,0.762826,0.925236,24.164748,0.219709,0.51483
19.16893,75.85512,NEG-VERT-008,vertisol_black_cotton,semi_arid_trap,0.95,0,1.123028,1.064254,0.691656,0.876547,0.525896,5.801609,536.061786,1.05174,0.882672
12.96302,77.35599,NEG-CHAR-041,charnockitic_red_loam,semi_arid_peninsular,0.9,0,1.217232,1.096662,1.039749,0.839296,0.15595,2.569031,440.66857,0.68013,0.861217
11.94266,78.59047,NEG-CHAR-026,charnockitic_red_loam,semi_arid_peninsular,0.9,0,0.9976,1.002554,1.058506,1.000954,0.339682,0.1,489.777342,0.5872,0.719994
25.7193,81.32351,NEG-QUAT-045,quaternary_alluvium,subhumid_alluvial,1.0,0,1.026769,1.041844,0.954796,1.015301,0.396831,1.393722,125.249577,0.692985,0.84638
23.79889,77.77548,NEG-AREN-031,arenaceous_sandstone_soil,semi_arid_plateau,0.92,0,0.970727,1.04256,0.984965,0.985908,0.445363,6.071287,408.627856,0.529941,0.859004
22.3,78.5,Seoni District Mn,lateritic_gravelly_loam,tropical_wet_dry_supergene,1.0,1,1.33775,1.059651,1.217084,1.375098,0.142173,12.165909,452.251365,1.422987,1.275195
11.83794,78.35695,NEG-CHAR-002,charnockitic_red_loam,semi_arid_peninsular,0.9,0,1.065479,0.994338,1.0083,1.172458,0.340403,0.694828,413.770191,0.777132,0.822743
24.37563,77.50544,NEG-AREN-002,arenaceous_sandstone_soil,semi_arid_plateau,0.92,0,1.038174,0.760508,0.839903,1.064646,0.48889,2.549061,449.360875,0.594679,0.693231
19.81558,86.7291,NEG-HYDR-013,hydromorphic_saline_alluvium,humid_coastal_lowland,1.0,0,0.857101,0.941703,0.819639,0.873005,0.721254,1.274375,19.58727,0.493969,0.503248
20.50068,86.06339,NEG-HYDR-005,hydromorphic_saline_alluvium,humid_coastal_lowland,1.0,0,0.860069,1.025348,0.847916,0.882824,0.749205,0.429629,36.921658,0.390666,0.761467
24.58,73.71,Udaipur Mn Occurrences,lateritic_gravelly_loam,tropical_wet_dry_supergene,1.0,1,1.398819,1.329491,1.587483,1.533565,0.123215,8.913131,363.357822,1.505336,1.477478
21.4,79.55,Sakoli Belt Deposits,lateritic_gravelly_loam,tropical_wet_dry_supergene,1.0,1,1.34091,0.966688,1.238638,1.498118,0.064257,3.345266,438.334391,1.074374,1.359053
21.6,79.0,Manegaon Mine,lateritic_gravelly_loam,tropical_wet_dry_supergene,1.0,1,1.315828,1.228437,1.547465,1.256572,-0.031832,10.100732,493.137777,1.159864,1.275785
19.81045,76.45955,NEG-VERT-010,vertisol_black_cotton,semi_arid_trap,0.95,0,0.998336,1.08306,0.876141,1.272981,0.368506,3.835743,483.643619,0.449258,0.91809
23.97942,77.25224,NEG-AREN-046,arenaceous_sandstone_soil,semi_arid_plateau,0.92,0,0.621184,1.09925,0.781429,0.836929,0.364754,9.030987,445.568225,0.657049,0.735549
14.95,76.7,Kudligi Mn Belt,lateritic_gravelly_loam,tropical_wet_dry_supergene,1.0,1,1.484116,1.168187,1.454209,1.066574,0.182275,11.312971,523.38657,1.215431,1.302315
24.2912,78.1086,NEG-AREN-023,arenaceous_sandstone_soil,semi_arid_plateau,0.92,0,0.941619,0.981903,0.767839,0.893852,0.675961,2.346771,385.911428,0.658751,0.789366
12.17575,78.73308,NEG-CHAR-040,charnockitic_red_loam,semi_arid_peninsular,0.9,0,1.144828,0.887061,1.042592,0.897346,0.488231,3.729028,406.019049,0.669366,0.880527
18.45,84.0,Srikakulam Mn Zone,lateritic_gravelly_loam,tropical_wet_dry_supergene,1.0,1,1.189046,1.084137,1.665956,1.511169,0.111129,12.447311,251.39176,1.044803,1.33936
27.11426,81.78379,NEG-QUAT-015,quaternary_alluvium,subhumid_alluvial,1.0,0,0.927813,0.984913,0.79478,0.897955,0.709898,1.46424,130.696651,0.556505,0.720583
20.03876,86.43895,NEG-HYDR-008,hydromorphic_saline_alluvium,humid_coastal_lowland,1.0,0,0.956786,0.902549,0.816337,0.729587,0.370264,1.159654,28.929902,0.463744,0.723668
20.41267,85.92839,NEG-HYDR-019,hydromorphic_saline_alluvium,humid_coastal_lowland,1.0,0,0.703074,0.931979,0.579418,0.851936,0.389725,1.033653,35.889318,0.346053,0.647695
19.97139,85.93231,NEG-HYDR-034,hydromorphic_saline_alluvium,humid_coastal_lowland,1.0,0,0.972232,0.75461,0.844363,0.811838,0.633777,0.1,25.053048,0.51042,0.785916
21.65,78.8,Saoner Mn Belt,lateritic_gravelly_loam,tropical_wet_dry_supergene,1.0,1,1.256919,1.180865,1.634626,1.164434,0.13634,10.820987,475.495773,1.229206,1.435736
26.05006,79.50445,NEG-QUAT-001,quaternary_alluvium,subhumid_alluvial,1.0,0,1.028853,1.131614,0.792774,0.871831,0.703523,3.233796,149.551163,0.367197,0.738392
11.95134,77.24622,NEG-CHAR-021,charnockitic_red_loam,semi_arid_peninsular,0.9,0,1.115766,1.024591,1.073554,1.230991,0.319615,2.210235,323.783373,0.665266,0.932099
